stock_id,stock_name,date,buy,name,sell
8423,保綠-KY,2012-03-22,0.0,Dealer,6000.0
8423,保綠-KY,2012-03-22,0.0,Foreign_Investor,0.0
8423,保綠-KY,2012-03-22,0.0,Investment_Trust,0.0
8423,保綠-KY,2012-03-23,0.0,Dealer,10000.0
8423,保綠-KY,2012-03-23,0.0,Foreign_Investor,0.0
8423,保綠-KY,2012-03-23,0.0,Investment_Trust,0.0
8423,保綠-KY,2012-03-26,0.0,Dealer,8000.0
8423,保綠-KY,2012-03-26,0.0,Foreign_Investor,0.0
8423,保綠-KY,2012-03-26,0.0,Investment_Trust,0.0
8423,保綠-KY,2012-03-27,0.0,Dealer,5000.0
8423,保綠-KY,2012-03-27,0.0,Foreign_Investor,0.0
8423,保綠-KY,2012-03-27,0.0,Investment_Trust,0.0
8423,保綠-KY,2012-03-28,0.0,Dealer,9000.0
8423,保綠-KY,2012-03-28,0.0,Foreign_Investor,0.0
8423,保綠-KY,2012-03-28,0.0,Investment_Trust,0.0
8423,保綠-KY,2012-03-29,0.0,Dealer,4000.0
8423,保綠-KY,2012-03-29,0.0,Foreign_Investor,0.0
8423,保綠-KY,2012-03-29,0.0,Investment_Trust,0.0
8423,保綠-KY,2012-03-30,0.0,Dealer,4000.0
8423,保綠-KY,2012-03-30,0.0,Foreign_Investor,0.0
8423,保綠-KY,2012-03-30,0.0,Investment_Trust,0.0
8423,保綠-KY,2012-04-02,0.0,Dealer,1000.0
8423,保綠-KY,2012-04-02,0.0,Foreign_Investor,0.0
8423,保綠-KY,2012-04-02,0.0,Investment_Trust,0.0
8423,保綠-KY,2012-04-03,0.0,Dealer,6000.0
8423,保綠-KY,2012-04-03,0.0,Foreign_Investor,0.0
8423,保綠-KY,2012-04-03,0.0,Investment_Trust,0.0
8423,保綠-KY,2012-04-13,0.0,Dealer,1000.0
8423,保綠-KY,2012-04-13,0.0,Foreign_Investor,0.0
8423,保綠-KY,2012-04-13,0.0,Investment_Trust,0.0
8423,保綠-KY,2012-04-20,0.0,Dealer,9000.0
8423,保綠-KY,2012-04-20,0.0,Foreign_Investor,0.0
8423,保綠-KY,2012-04-20,0.0,Investment_Trust,0.0
8423,保綠-KY,2012-04-23,0.0,Dealer,1000.0
8423,保綠-KY,2012-04-23,0.0,Foreign_Investor,0.0
8423,保綠-KY,2012-04-23,0.0,Investment_Trust,0.0
8423,保綠-KY,2012-04-24,0.0,Dealer,583.0
8423,保綠-KY,2012-04-24,0.0,Foreign_Investor,0.0
8423,保綠-KY,2012-04-24,0.0,Investment_Trust,0.0
8423,保綠-KY,2012-04-25,0.0,Dealer,1256.0
8423,保綠-KY,2012-04-25,0.0,Foreign_Investor,0.0
8423,保綠-KY,2012-04-25,0.0,Investment_Trust,0.0
8423,保綠-KY,2012-04-27,0.0,Dealer,1000.0
8423,保綠-KY,2012-04-27,0.0,Foreign_Investor,0.0
8423,保綠-KY,2012-04-27,0.0,Investment_Trust,0.0
8423,保綠-KY,2012-05-02,0.0,Dealer,1000.0
8423,保綠-KY,2012-05-02,0.0,Foreign_Investor,0.0
8423,保綠-KY,2012-05-02,0.0,Investment_Trust,0.0
8423,保綠-KY,2012-05-04,0.0,Dealer,1000.0
8423,保綠-KY,2012-05-04,0.0,Foreign_Investor,0.0
8423,保綠-KY,2012-05-04,0.0,Investment_Trust,0.0
8423,保綠-KY,2012-05-07,0.0,Dealer,1000.0
8423,保綠-KY,2012-05-07,0.0,Foreign_Investor,0.0
8423,保綠-KY,2012-05-07,0.0,Investment_Trust,0.0
8423,保綠-KY,2012-05-08,0.0,Dealer,1000.0
8423,保綠-KY,2012-05-08,0.0,Foreign_Investor,0.0
8423,保綠-KY,2012-05-08,0.0,Investment_Trust,0.0
8423,保綠-KY,2012-05-09,0.0,Dealer,1000.0
8423,保綠-KY,2012-05-09,0.0,Foreign_Investor,0.0
8423,保綠-KY,2012-05-09,0.0,Investment_Trust,0.0
8423,保綠-KY,2012-05-11,0.0,Dealer,1000.0
8423,保綠-KY,2012-05-11,0.0,Foreign_Investor,0.0
8423,保綠-KY,2012-05-11,0.0,Investment_Trust,0.0
8423,保綠-KY,2012-05-14,0.0,Dealer,1000.0
8423,保綠-KY,2012-05-14,0.0,Foreign_Investor,0.0
8423,保綠-KY,2012-05-14,0.0,Investment_Trust,0.0
8423,保綠-KY,2012-05-15,0.0,Dealer,1000.0
8423,保綠-KY,2012-05-15,0.0,Foreign_Investor,0.0
8423,保綠-KY,2012-05-15,0.0,Investment_Trust,0.0
8423,保綠-KY,2012-05-16,0.0,Dealer,1000.0
8423,保綠-KY,2012-05-16,0.0,Foreign_Investor,0.0
8423,保綠-KY,2012-05-16,0.0,Investment_Trust,0.0
8423,保綠-KY,2012-05-17,0.0,Dealer,1000.0
8423,保綠-KY,2012-05-17,0.0,Foreign_Investor,0.0
8423,保綠-KY,2012-05-17,0.0,Investment_Trust,0.0
8423,保綠-KY,2012-05-18,0.0,Dealer,1000.0
8423,保綠-KY,2012-05-18,0.0,Foreign_Investor,0.0
8423,保綠-KY,2012-05-18,0.0,Investment_Trust,0.0
8423,保綠-KY,2012-05-21,0.0,Dealer,1000.0
8423,保綠-KY,2012-05-21,0.0,Foreign_Investor,0.0
8423,保綠-KY,2012-05-21,0.0,Investment_Trust,0.0
8423,保綠-KY,2012-05-23,0.0,Dealer,1000.0
8423,保綠-KY,2012-05-23,0.0,Foreign_Investor,0.0
8423,保綠-KY,2012-05-23,0.0,Investment_Trust,0.0
8423,保綠-KY,2012-05-24,0.0,Dealer,1000.0
8423,保綠-KY,2012-05-24,0.0,Foreign_Investor,0.0
8423,保綠-KY,2012-05-24,0.0,Investment_Trust,0.0
8423,保綠-KY,2012-05-25,0.0,Dealer,1000.0
8423,保綠-KY,2012-05-25,0.0,Foreign_Investor,0.0
8423,保綠-KY,2012-05-25,0.0,Investment_Trust,0.0
8423,保綠-KY,2012-05-28,0.0,Dealer,1000.0
8423,保綠-KY,2012-05-28,0.0,Foreign_Investor,0.0
8423,保綠-KY,2012-05-28,0.0,Investment_Trust,0.0
8423,保綠-KY,2012-05-29,0.0,Dealer,1000.0
8423,保綠-KY,2012-05-29,0.0,Foreign_Investor,0.0
8423,保綠-KY,2012-05-29,0.0,Investment_Trust,0.0
8423,保綠-KY,2012-05-30,0.0,Dealer,1000.0
8423,保綠-KY,2012-05-30,0.0,Foreign_Investor,0.0
8423,保綠-KY,2012-05-30,0.0,Investment_Trust,0.0
8423,保綠-KY,2012-05-31,0.0,Dealer,1000.0
8423,保綠-KY,2012-05-31,0.0,Foreign_Investor,0.0
8423,保綠-KY,2012-05-31,0.0,Investment_Trust,0.0
8423,保綠-KY,2012-06-01,0.0,Dealer,1000.0
8423,保綠-KY,2012-06-01,0.0,Foreign_Investor,0.0
8423,保綠-KY,2012-06-01,0.0,Investment_Trust,0.0
8423,保綠-KY,2012-06-04,0.0,Dealer,1000.0
8423,保綠-KY,2012-06-04,0.0,Foreign_Investor,0.0
8423,保綠-KY,2012-06-04,0.0,Investment_Trust,0.0
8423,保綠-KY,2012-06-05,0.0,Dealer,1000.0
8423,保綠-KY,2012-06-05,0.0,Foreign_Investor,0.0
8423,保綠-KY,2012-06-05,0.0,Investment_Trust,0.0
8423,保綠-KY,2012-06-06,0.0,Dealer,1000.0
8423,保綠-KY,2012-06-06,0.0,Foreign_Investor,0.0
8423,保綠-KY,2012-06-06,0.0,Investment_Trust,0.0
8423,保綠-KY,2012-06-07,0.0,Dealer,1000.0
8423,保綠-KY,2012-06-07,0.0,Foreign_Investor,0.0
8423,保綠-KY,2012-06-07,0.0,Investment_Trust,0.0
8423,保綠-KY,2012-06-08,0.0,Dealer,1000.0
8423,保綠-KY,2012-06-08,0.0,Foreign_Investor,0.0
8423,保綠-KY,2012-06-08,0.0,Investment_Trust,0.0
8423,保綠-KY,2012-06-12,0.0,Dealer,1000.0
8423,保綠-KY,2012-06-12,0.0,Foreign_Investor,0.0
8423,保綠-KY,2012-06-12,0.0,Investment_Trust,0.0
8423,保綠-KY,2012-06-13,0.0,Dealer,1000.0
8423,保綠-KY,2012-06-13,0.0,Foreign_Investor,0.0
8423,保綠-KY,2012-06-13,0.0,Investment_Trust,0.0
8423,保綠-KY,2012-06-14,0.0,Dealer,1000.0
8423,保綠-KY,2012-06-14,0.0,Foreign_Investor,0.0
8423,保綠-KY,2012-06-14,0.0,Investment_Trust,0.0
8423,保綠-KY,2012-06-15,0.0,Dealer,1000.0
8423,保綠-KY,2012-06-15,0.0,Foreign_Investor,0.0
8423,保綠-KY,2012-06-15,0.0,Investment_Trust,0.0
8423,保綠-KY,2012-06-18,0.0,Dealer,1000.0
8423,保綠-KY,2012-06-18,0.0,Foreign_Investor,0.0
8423,保綠-KY,2012-06-18,0.0,Investment_Trust,0.0
8423,保綠-KY,2012-06-19,0.0,Dealer,1000.0
8423,保綠-KY,2012-06-19,0.0,Foreign_Investor,0.0
8423,保綠-KY,2012-06-19,0.0,Investment_Trust,0.0
8423,保綠-KY,2012-06-20,0.0,Dealer,1000.0
8423,保綠-KY,2012-06-20,0.0,Foreign_Investor,0.0
8423,保綠-KY,2012-06-20,0.0,Investment_Trust,0.0
8423,保綠-KY,2012-06-21,0.0,Dealer,1000.0
8423,保綠-KY,2012-06-21,0.0,Foreign_Investor,0.0
8423,保綠-KY,2012-06-21,0.0,Investment_Trust,0.0
8423,保綠-KY,2012-06-25,0.0,Dealer,1000.0
8423,保綠-KY,2012-06-25,0.0,Foreign_Investor,0.0
8423,保綠-KY,2012-06-25,0.0,Investment_Trust,0.0
8423,保綠-KY,2012-06-26,0.0,Dealer,1000.0
8423,保綠-KY,2012-06-26,0.0,Foreign_Investor,0.0
8423,保綠-KY,2012-06-26,0.0,Investment_Trust,0.0
8423,保綠-KY,2012-06-27,0.0,Dealer,1000.0
8423,保綠-KY,2012-06-27,0.0,Foreign_Investor,0.0
8423,保綠-KY,2012-06-27,0.0,Investment_Trust,0.0
8423,保綠-KY,2012-06-28,0.0,Dealer,1000.0
8423,保綠-KY,2012-06-28,0.0,Foreign_Investor,0.0
8423,保綠-KY,2012-06-28,0.0,Investment_Trust,0.0
8423,保綠-KY,2012-06-29,0.0,Dealer,1000.0
8423,保綠-KY,2012-06-29,0.0,Foreign_Investor,0.0
8423,保綠-KY,2012-06-29,0.0,Investment_Trust,0.0
8423,保綠-KY,2012-07-02,0.0,Dealer,1000.0
8423,保綠-KY,2012-07-02,0.0,Foreign_Investor,0.0
8423,保綠-KY,2012-07-02,0.0,Investment_Trust,0.0
8423,保綠-KY,2012-07-03,0.0,Dealer,1000.0
8423,保綠-KY,2012-07-03,0.0,Foreign_Investor,0.0
8423,保綠-KY,2012-07-03,0.0,Investment_Trust,0.0
8423,保綠-KY,2012-07-04,0.0,Dealer,2000.0
8423,保綠-KY,2012-07-04,0.0,Foreign_Investor,0.0
8423,保綠-KY,2012-07-04,0.0,Investment_Trust,0.0
8423,保綠-KY,2012-07-05,0.0,Dealer,1000.0
8423,保綠-KY,2012-07-05,0.0,Foreign_Investor,0.0
8423,保綠-KY,2012-07-05,0.0,Investment_Trust,0.0
8423,保綠-KY,2012-07-06,0.0,Dealer,3000.0
8423,保綠-KY,2012-07-06,0.0,Foreign_Investor,0.0
8423,保綠-KY,2012-07-06,0.0,Investment_Trust,0.0
8423,保綠-KY,2012-07-09,0.0,Dealer,1000.0
8423,保綠-KY,2012-07-09,0.0,Foreign_Investor,0.0
8423,保綠-KY,2012-07-09,0.0,Investment_Trust,0.0
8423,保綠-KY,2012-07-10,0.0,Dealer,1000.0
8423,保綠-KY,2012-07-10,0.0,Foreign_Investor,0.0
8423,保綠-KY,2012-07-10,0.0,Investment_Trust,0.0
8423,保綠-KY,2012-07-11,0.0,Dealer,4000.0
8423,保綠-KY,2012-07-11,0.0,Foreign_Investor,0.0
8423,保綠-KY,2012-07-11,0.0,Investment_Trust,0.0
8423,保綠-KY,2012-07-12,0.0,Dealer,3000.0
8423,保綠-KY,2012-07-12,0.0,Foreign_Investor,0.0
8423,保綠-KY,2012-07-12,0.0,Investment_Trust,0.0
8423,保綠-KY,2012-07-13,0.0,Dealer,3000.0
8423,保綠-KY,2012-07-13,0.0,Foreign_Investor,0.0
8423,保綠-KY,2012-07-13,0.0,Investment_Trust,0.0
8423,保綠-KY,2012-07-16,0.0,Dealer,3000.0
8423,保綠-KY,2012-07-16,0.0,Foreign_Investor,0.0
8423,保綠-KY,2012-07-16,0.0,Investment_Trust,0.0
8423,保綠-KY,2012-07-17,0.0,Dealer,1000.0
8423,保綠-KY,2012-07-17,0.0,Foreign_Investor,0.0
8423,保綠-KY,2012-07-17,0.0,Investment_Trust,0.0
8423,保綠-KY,2012-07-18,0.0,Dealer,1000.0
8423,保綠-KY,2012-07-18,0.0,Foreign_Investor,0.0
8423,保綠-KY,2012-07-18,0.0,Investment_Trust,0.0
8423,保綠-KY,2012-07-19,0.0,Dealer,1000.0
8423,保綠-KY,2012-07-19,0.0,Foreign_Investor,0.0
8423,保綠-KY,2012-07-19,0.0,Investment_Trust,0.0
8423,保綠-KY,2012-07-20,0.0,Dealer,2000.0
8423,保綠-KY,2012-07-20,0.0,Foreign_Investor,0.0
8423,保綠-KY,2012-07-20,0.0,Investment_Trust,0.0
8423,保綠-KY,2012-07-23,0.0,Dealer,1000.0
8423,保綠-KY,2012-07-23,0.0,Foreign_Investor,0.0
8423,保綠-KY,2012-07-23,0.0,Investment_Trust,0.0
8423,保綠-KY,2012-07-24,0.0,Dealer,1000.0
8423,保綠-KY,2012-07-24,0.0,Foreign_Investor,0.0
8423,保綠-KY,2012-07-24,0.0,Investment_Trust,0.0
8423,保綠-KY,2012-07-25,0.0,Dealer,1000.0
8423,保綠-KY,2012-07-25,0.0,Foreign_Investor,0.0
8423,保綠-KY,2012-07-25,0.0,Investment_Trust,0.0
8423,保綠-KY,2012-07-26,0.0,Dealer,1000.0
8423,保綠-KY,2012-07-26,0.0,Foreign_Investor,0.0
8423,保綠-KY,2012-07-26,0.0,Investment_Trust,0.0
8423,保綠-KY,2012-07-27,0.0,Dealer,1000.0
8423,保綠-KY,2012-07-27,0.0,Foreign_Investor,0.0
8423,保綠-KY,2012-07-27,0.0,Investment_Trust,0.0
8423,保綠-KY,2012-07-30,0.0,Dealer,1000.0
8423,保綠-KY,2012-07-30,0.0,Foreign_Investor,0.0
8423,保綠-KY,2012-07-30,0.0,Investment_Trust,0.0
8423,保綠-KY,2012-07-31,0.0,Dealer,1000.0
8423,保綠-KY,2012-07-31,0.0,Foreign_Investor,0.0
8423,保綠-KY,2012-07-31,0.0,Investment_Trust,0.0
8423,保綠-KY,2012-08-01,0.0,Dealer,2000.0
8423,保綠-KY,2012-08-01,0.0,Foreign_Investor,0.0
8423,保綠-KY,2012-08-01,0.0,Investment_Trust,0.0
8423,保綠-KY,2012-08-03,0.0,Dealer,1000.0
8423,保綠-KY,2012-08-03,0.0,Foreign_Investor,0.0
8423,保綠-KY,2012-08-03,0.0,Investment_Trust,0.0
8423,保綠-KY,2012-08-06,0.0,Dealer,2000.0
8423,保綠-KY,2012-08-06,0.0,Foreign_Investor,0.0
8423,保綠-KY,2012-08-06,0.0,Investment_Trust,0.0
8423,保綠-KY,2012-08-07,0.0,Dealer,1000.0
8423,保綠-KY,2012-08-07,0.0,Foreign_Investor,0.0
8423,保綠-KY,2012-08-07,0.0,Investment_Trust,0.0
8423,保綠-KY,2012-08-08,0.0,Dealer,2000.0
8423,保綠-KY,2012-08-08,0.0,Foreign_Investor,0.0
8423,保綠-KY,2012-08-08,0.0,Investment_Trust,0.0
8423,保綠-KY,2012-08-09,0.0,Dealer,1000.0
8423,保綠-KY,2012-08-09,0.0,Foreign_Investor,0.0
8423,保綠-KY,2012-08-09,0.0,Investment_Trust,0.0
8423,保綠-KY,2012-08-10,0.0,Dealer,2000.0
8423,保綠-KY,2012-08-10,0.0,Foreign_Investor,0.0
8423,保綠-KY,2012-08-10,0.0,Investment_Trust,0.0
8423,保綠-KY,2012-08-13,0.0,Dealer,1000.0
8423,保綠-KY,2012-08-13,0.0,Foreign_Investor,0.0
8423,保綠-KY,2012-08-13,0.0,Investment_Trust,0.0
8423,保綠-KY,2012-08-14,0.0,Dealer,1000.0
8423,保綠-KY,2012-08-14,0.0,Foreign_Investor,0.0
8423,保綠-KY,2012-08-14,0.0,Investment_Trust,0.0
8423,保綠-KY,2012-08-16,0.0,Dealer,1000.0
8423,保綠-KY,2012-08-16,0.0,Foreign_Investor,0.0
8423,保綠-KY,2012-08-16,0.0,Investment_Trust,0.0
8423,保綠-KY,2012-08-17,0.0,Dealer,1000.0
8423,保綠-KY,2012-08-17,0.0,Foreign_Investor,0.0
8423,保綠-KY,2012-08-17,0.0,Investment_Trust,0.0
8423,保綠-KY,2012-08-20,0.0,Dealer,1000.0
8423,保綠-KY,2012-08-20,0.0,Foreign_Investor,0.0
8423,保綠-KY,2012-08-20,0.0,Investment_Trust,0.0
8423,保綠-KY,2012-08-22,0.0,Dealer,1000.0
8423,保綠-KY,2012-08-22,0.0,Foreign_Investor,0.0
8423,保綠-KY,2012-08-22,0.0,Investment_Trust,0.0
8423,保綠-KY,2012-08-23,0.0,Dealer,1000.0
8423,保綠-KY,2012-08-23,0.0,Foreign_Investor,0.0
8423,保綠-KY,2012-08-23,0.0,Investment_Trust,0.0
8423,保綠-KY,2012-08-24,0.0,Dealer,1000.0
8423,保綠-KY,2012-08-24,0.0,Foreign_Investor,0.0
8423,保綠-KY,2012-08-24,0.0,Investment_Trust,0.0
8423,保綠-KY,2012-08-28,0.0,Dealer,1000.0
8423,保綠-KY,2012-08-28,0.0,Foreign_Investor,0.0
8423,保綠-KY,2012-08-28,0.0,Investment_Trust,0.0
8423,保綠-KY,2012-08-29,0.0,Dealer,1000.0
8423,保綠-KY,2012-08-29,0.0,Foreign_Investor,0.0
8423,保綠-KY,2012-08-29,0.0,Investment_Trust,0.0
8423,保綠-KY,2012-08-30,0.0,Dealer,1000.0
8423,保綠-KY,2012-08-30,0.0,Foreign_Investor,0.0
8423,保綠-KY,2012-08-30,0.0,Investment_Trust,0.0
8423,保綠-KY,2012-08-31,0.0,Dealer,1000.0
8423,保綠-KY,2012-08-31,0.0,Foreign_Investor,0.0
8423,保綠-KY,2012-08-31,0.0,Investment_Trust,0.0
8423,保綠-KY,2012-09-03,0.0,Dealer,1000.0
8423,保綠-KY,2012-09-03,0.0,Foreign_Investor,0.0
8423,保綠-KY,2012-09-03,0.0,Investment_Trust,0.0
8423,保綠-KY,2012-09-05,0.0,Dealer,1000.0
8423,保綠-KY,2012-09-05,0.0,Foreign_Investor,0.0
8423,保綠-KY,2012-09-05,0.0,Investment_Trust,0.0
8423,保綠-KY,2012-09-07,0.0,Dealer,1000.0
8423,保綠-KY,2012-09-07,0.0,Foreign_Investor,0.0
8423,保綠-KY,2012-09-07,0.0,Investment_Trust,0.0
8423,保綠-KY,2012-09-10,0.0,Dealer,1000.0
8423,保綠-KY,2012-09-10,0.0,Foreign_Investor,0.0
8423,保綠-KY,2012-09-10,0.0,Investment_Trust,0.0
8423,保綠-KY,2012-09-11,0.0,Dealer,1000.0
8423,保綠-KY,2012-09-11,0.0,Foreign_Investor,0.0
8423,保綠-KY,2012-09-11,0.0,Investment_Trust,0.0
8423,保綠-KY,2012-09-12,0.0,Dealer,1000.0
8423,保綠-KY,2012-09-12,0.0,Foreign_Investor,0.0
8423,保綠-KY,2012-09-12,0.0,Investment_Trust,0.0
8423,保綠-KY,2012-09-19,0.0,Dealer,1000.0
8423,保綠-KY,2012-09-19,0.0,Foreign_Investor,0.0
8423,保綠-KY,2012-09-19,0.0,Investment_Trust,0.0
8423,保綠-KY,2012-09-20,0.0,Dealer,1000.0
8423,保綠-KY,2012-09-20,0.0,Foreign_Investor,0.0
8423,保綠-KY,2012-09-20,0.0,Investment_Trust,0.0
8423,保綠-KY,2012-09-24,0.0,Dealer,1000.0
8423,保綠-KY,2012-09-24,0.0,Foreign_Investor,0.0
8423,保綠-KY,2012-09-24,0.0,Investment_Trust,0.0
8423,保綠-KY,2012-09-25,0.0,Dealer,1000.0
8423,保綠-KY,2012-09-25,0.0,Foreign_Investor,0.0
8423,保綠-KY,2012-09-25,0.0,Investment_Trust,0.0
8423,保綠-KY,2012-09-26,0.0,Dealer,1000.0
8423,保綠-KY,2012-09-26,0.0,Foreign_Investor,0.0
8423,保綠-KY,2012-09-26,0.0,Investment_Trust,0.0
8423,保綠-KY,2012-09-27,0.0,Dealer,1000.0
8423,保綠-KY,2012-09-27,0.0,Foreign_Investor,0.0
8423,保綠-KY,2012-09-27,0.0,Investment_Trust,0.0
8423,保綠-KY,2012-10-04,0.0,Dealer,1000.0
8423,保綠-KY,2012-10-04,0.0,Foreign_Investor,0.0
8423,保綠-KY,2012-10-04,0.0,Investment_Trust,0.0
8423,保綠-KY,2012-10-09,0.0,Dealer,1000.0
8423,保綠-KY,2012-10-09,0.0,Foreign_Investor,0.0
8423,保綠-KY,2012-10-09,0.0,Investment_Trust,0.0
8423,保綠-KY,2012-10-11,0.0,Dealer,1000.0
8423,保綠-KY,2012-10-11,0.0,Foreign_Investor,0.0
8423,保綠-KY,2012-10-11,0.0,Investment_Trust,0.0
8423,保綠-KY,2012-10-12,0.0,Dealer,1000.0
8423,保綠-KY,2012-10-12,0.0,Foreign_Investor,0.0
8423,保綠-KY,2012-10-12,0.0,Investment_Trust,0.0
8423,保綠-KY,2012-10-15,0.0,Dealer,1000.0
8423,保綠-KY,2012-10-15,0.0,Foreign_Investor,0.0
8423,保綠-KY,2012-10-15,0.0,Investment_Trust,0.0
8423,保綠-KY,2012-10-19,0.0,Dealer,1000.0
8423,保綠-KY,2012-10-19,0.0,Foreign_Investor,0.0
8423,保綠-KY,2012-10-19,0.0,Investment_Trust,0.0
8423,保綠-KY,2012-10-23,0.0,Dealer,1000.0
8423,保綠-KY,2012-10-23,0.0,Foreign_Investor,0.0
8423,保綠-KY,2012-10-23,0.0,Investment_Trust,0.0
8423,保綠-KY,2012-10-24,0.0,Dealer,1000.0
8423,保綠-KY,2012-10-24,0.0,Foreign_Investor,0.0
8423,保綠-KY,2012-10-24,0.0,Investment_Trust,0.0
8423,保綠-KY,2012-10-25,0.0,Dealer,1000.0
8423,保綠-KY,2012-10-25,0.0,Foreign_Investor,0.0
8423,保綠-KY,2012-10-25,0.0,Investment_Trust,0.0
8423,保綠-KY,2012-10-26,0.0,Dealer,1000.0
8423,保綠-KY,2012-10-26,0.0,Foreign_Investor,0.0
8423,保綠-KY,2012-10-26,0.0,Investment_Trust,0.0
8423,保綠-KY,2012-10-30,0.0,Dealer,2000.0
8423,保綠-KY,2012-10-30,0.0,Foreign_Investor,0.0
8423,保綠-KY,2012-10-30,0.0,Investment_Trust,0.0
8423,保綠-KY,2012-11-01,0.0,Dealer,1000.0
8423,保綠-KY,2012-11-01,0.0,Foreign_Investor,0.0
8423,保綠-KY,2012-11-01,0.0,Investment_Trust,0.0
8423,保綠-KY,2012-11-02,0.0,Dealer,1000.0
8423,保綠-KY,2012-11-02,0.0,Foreign_Investor,0.0
8423,保綠-KY,2012-11-02,0.0,Investment_Trust,0.0
8423,保綠-KY,2012-11-05,0.0,Dealer,1000.0
8423,保綠-KY,2012-11-05,0.0,Foreign_Investor,0.0
8423,保綠-KY,2012-11-05,0.0,Investment_Trust,0.0
8423,保綠-KY,2012-11-06,0.0,Dealer,1000.0
8423,保綠-KY,2012-11-06,0.0,Foreign_Investor,0.0
8423,保綠-KY,2012-11-06,0.0,Investment_Trust,0.0
8423,保綠-KY,2012-11-07,0.0,Dealer,2000.0
8423,保綠-KY,2012-11-07,0.0,Foreign_Investor,0.0
8423,保綠-KY,2012-11-07,0.0,Investment_Trust,0.0
8423,保綠-KY,2012-11-08,0.0,Dealer,3000.0
8423,保綠-KY,2012-11-08,0.0,Foreign_Investor,0.0
8423,保綠-KY,2012-11-08,0.0,Investment_Trust,0.0
8423,保綠-KY,2012-11-09,0.0,Dealer,1000.0
8423,保綠-KY,2012-11-09,0.0,Foreign_Investor,0.0
8423,保綠-KY,2012-11-09,0.0,Investment_Trust,0.0
8423,保綠-KY,2012-11-12,0.0,Dealer,6000.0
8423,保綠-KY,2012-11-12,0.0,Foreign_Investor,0.0
8423,保綠-KY,2012-11-12,0.0,Investment_Trust,0.0
8423,保綠-KY,2012-11-13,0.0,Dealer,4000.0
8423,保綠-KY,2012-11-13,0.0,Foreign_Investor,0.0
8423,保綠-KY,2012-11-13,0.0,Investment_Trust,0.0
8423,保綠-KY,2012-11-14,0.0,Dealer,2000.0
8423,保綠-KY,2012-11-14,0.0,Foreign_Investor,0.0
8423,保綠-KY,2012-11-14,0.0,Investment_Trust,0.0
8423,保綠-KY,2012-11-15,0.0,Dealer,5000.0
8423,保綠-KY,2012-11-15,0.0,Foreign_Investor,0.0
8423,保綠-KY,2012-11-15,0.0,Investment_Trust,0.0
8423,保綠-KY,2012-11-16,0.0,Dealer,3000.0
8423,保綠-KY,2012-11-16,0.0,Foreign_Investor,0.0
8423,保綠-KY,2012-11-16,0.0,Investment_Trust,0.0
8423,保綠-KY,2012-11-19,0.0,Dealer,1000.0
8423,保綠-KY,2012-11-19,0.0,Foreign_Investor,0.0
8423,保綠-KY,2012-11-19,0.0,Investment_Trust,0.0
8423,保綠-KY,2012-11-20,0.0,Dealer,2000.0
8423,保綠-KY,2012-11-20,0.0,Foreign_Investor,0.0
8423,保綠-KY,2012-11-20,0.0,Investment_Trust,0.0
8423,保綠-KY,2012-11-21,0.0,Dealer,4000.0
8423,保綠-KY,2012-11-21,0.0,Foreign_Investor,0.0
8423,保綠-KY,2012-11-21,0.0,Investment_Trust,0.0
8423,保綠-KY,2012-11-23,0.0,Dealer,1391.0
8423,保綠-KY,2012-11-23,0.0,Foreign_Investor,0.0
8423,保綠-KY,2012-11-23,0.0,Investment_Trust,0.0
8423,保綠-KY,2013-02-23,0.0,Dealer,0.0
8423,保綠-KY,2013-02-23,2000.0,Foreign_Investor,0.0
8423,保綠-KY,2013-02-23,0.0,Investment_Trust,0.0
8423,保綠-KY,2013-02-26,0.0,Dealer,0.0
8423,保綠-KY,2013-02-26,1000.0,Foreign_Investor,0.0
8423,保綠-KY,2013-02-26,0.0,Investment_Trust,0.0
8423,保綠-KY,2013-03-01,0.0,Dealer,0.0
8423,保綠-KY,2013-03-01,2000.0,Foreign_Investor,0.0
8423,保綠-KY,2013-03-01,0.0,Investment_Trust,0.0
8423,保綠-KY,2013-03-04,0.0,Dealer,0.0
8423,保綠-KY,2013-03-04,2000.0,Foreign_Investor,0.0
8423,保綠-KY,2013-03-04,0.0,Investment_Trust,0.0
8423,保綠-KY,2013-03-05,0.0,Dealer,0.0
8423,保綠-KY,2013-03-05,1000.0,Foreign_Investor,0.0
8423,保綠-KY,2013-03-05,0.0,Investment_Trust,0.0
8423,保綠-KY,2013-03-07,0.0,Dealer,0.0
8423,保綠-KY,2013-03-07,2000.0,Foreign_Investor,0.0
8423,保綠-KY,2013-03-07,0.0,Investment_Trust,0.0
8423,保綠-KY,2013-03-27,0.0,Dealer,0.0
8423,保綠-KY,2013-03-27,2000.0,Foreign_Investor,0.0
8423,保綠-KY,2013-03-27,0.0,Investment_Trust,0.0
8423,保綠-KY,2013-12-24,0.0,Dealer,0.0
8423,保綠-KY,2013-12-24,0.0,Foreign_Investor,2000.0
8423,保綠-KY,2013-12-24,0.0,Investment_Trust,0.0
8423,保綠-KY,2013-12-26,0.0,Dealer,0.0
8423,保綠-KY,2013-12-26,0.0,Foreign_Investor,6000.0
8423,保綠-KY,2013-12-26,0.0,Investment_Trust,0.0
8423,保綠-KY,2013-12-27,0.0,Dealer,0.0
8423,保綠-KY,2013-12-27,0.0,Foreign_Investor,4600.0
8423,保綠-KY,2013-12-27,0.0,Investment_Trust,0.0
8423,保綠-KY,2015-10-16,0.0,Dealer_Hedging,0.0
8423,保綠-KY,2015-10-16,0.0,Dealer_self,0.0
8423,保綠-KY,2015-10-16,1000.0,Foreign_Investor,0.0
8423,保綠-KY,2015-10-16,0.0,Investment_Trust,0.0
8423,保綠-KY,2015-12-01,0.0,Dealer_Hedging,0.0
8423,保綠-KY,2015-12-01,0.0,Dealer_self,0.0
8423,保綠-KY,2015-12-01,0.0,Foreign_Investor,1000.0
8423,保綠-KY,2015-12-01,0.0,Investment_Trust,0.0
8423,保綠-KY,2015-12-04,0.0,Dealer_Hedging,0.0
8423,保綠-KY,2015-12-04,0.0,Dealer_self,0.0
8423,保綠-KY,2015-12-04,2000.0,Foreign_Investor,0.0
8423,保綠-KY,2015-12-04,0.0,Investment_Trust,0.0
8423,保綠-KY,2015-12-11,0.0,Dealer_Hedging,0.0
8423,保綠-KY,2015-12-11,0.0,Dealer_self,0.0
8423,保綠-KY,2015-12-11,0.0,Foreign_Investor,2000.0
8423,保綠-KY,2015-12-11,0.0,Investment_Trust,0.0
8423,保綠-KY,2016-01-05,0.0,Dealer_Hedging,0.0
8423,保綠-KY,2016-01-05,0.0,Dealer_self,0.0
8423,保綠-KY,2016-01-05,1000.0,Foreign_Investor,0.0
8423,保綠-KY,2016-01-05,0.0,Investment_Trust,0.0
8423,保綠-KY,2016-01-14,0.0,Dealer_Hedging,0.0
8423,保綠-KY,2016-01-14,0.0,Dealer_self,0.0
8423,保綠-KY,2016-01-14,0.0,Foreign_Investor,1000.0
8423,保綠-KY,2016-01-14,0.0,Investment_Trust,0.0
8423,保綠-KY,2016-01-21,0.0,Dealer_Hedging,0.0
8423,保綠-KY,2016-01-21,0.0,Dealer_self,0.0
8423,保綠-KY,2016-01-21,1000.0,Foreign_Investor,0.0
8423,保綠-KY,2016-01-21,0.0,Investment_Trust,0.0
8423,保綠-KY,2016-01-28,0.0,Dealer_Hedging,0.0
8423,保綠-KY,2016-01-28,0.0,Dealer_self,0.0
8423,保綠-KY,2016-01-28,0.0,Foreign_Investor,1000.0
8423,保綠-KY,2016-01-28,0.0,Investment_Trust,0.0
8423,保綠-KY,2016-02-24,0.0,Dealer_Hedging,0.0
8423,保綠-KY,2016-02-24,0.0,Dealer_self,0.0
8423,保綠-KY,2016-02-24,1000.0,Foreign_Investor,0.0
8423,保綠-KY,2016-02-24,0.0,Investment_Trust,0.0
8423,保綠-KY,2016-03-07,0.0,Dealer_Hedging,0.0
8423,保綠-KY,2016-03-07,0.0,Dealer_self,0.0
8423,保綠-KY,2016-03-07,0.0,Foreign_Investor,1000.0
8423,保綠-KY,2016-03-07,0.0,Investment_Trust,0.0
8423,保綠-KY,2016-03-15,0.0,Dealer_Hedging,0.0
8423,保綠-KY,2016-03-15,0.0,Dealer_self,0.0
8423,保綠-KY,2016-03-15,1000.0,Foreign_Investor,0.0
8423,保綠-KY,2016-03-15,0.0,Investment_Trust,0.0
8423,保綠-KY,2016-03-22,0.0,Dealer_Hedging,0.0
8423,保綠-KY,2016-03-22,0.0,Dealer_self,0.0
8423,保綠-KY,2016-03-22,0.0,Foreign_Investor,1000.0
8423,保綠-KY,2016-03-22,0.0,Investment_Trust,0.0
8423,保綠-KY,2016-04-26,0.0,Dealer_Hedging,0.0
8423,保綠-KY,2016-04-26,0.0,Dealer_self,0.0
8423,保綠-KY,2016-04-26,1000.0,Foreign_Investor,0.0
8423,保綠-KY,2016-04-26,0.0,Investment_Trust,0.0
8423,保綠-KY,2016-05-31,0.0,Dealer_Hedging,0.0
8423,保綠-KY,2016-05-31,0.0,Dealer_self,0.0
8423,保綠-KY,2016-05-31,0.0,Foreign_Investor,1000.0
8423,保綠-KY,2016-05-31,0.0,Investment_Trust,0.0
8423,保綠-KY,2016-07-21,0.0,Dealer_Hedging,0.0
8423,保綠-KY,2016-07-21,0.0,Dealer_self,0.0
8423,保綠-KY,2016-07-21,2000.0,Foreign_Investor,0.0
8423,保綠-KY,2016-07-21,0.0,Investment_Trust,0.0
8423,保綠-KY,2016-08-26,0.0,Dealer_Hedging,0.0
8423,保綠-KY,2016-08-26,0.0,Dealer_self,0.0
8423,保綠-KY,2016-08-26,3000.0,Foreign_Investor,0.0
8423,保綠-KY,2016-08-26,0.0,Investment_Trust,0.0
8423,保綠-KY,2016-09-02,0.0,Dealer_Hedging,0.0
8423,保綠-KY,2016-09-02,0.0,Dealer_self,0.0
8423,保綠-KY,2016-09-02,0.0,Foreign_Investor,2000.0
8423,保綠-KY,2016-09-02,0.0,Investment_Trust,0.0
8423,保綠-KY,2016-09-14,0.0,Dealer_Hedging,0.0
8423,保綠-KY,2016-09-14,0.0,Dealer_self,0.0
8423,保綠-KY,2016-09-14,1000.0,Foreign_Investor,0.0
8423,保綠-KY,2016-09-14,0.0,Investment_Trust,0.0
8423,保綠-KY,2016-10-06,0.0,Dealer_Hedging,0.0
8423,保綠-KY,2016-10-06,0.0,Dealer_self,0.0
8423,保綠-KY,2016-10-06,0.0,Foreign_Investor,60.0
8423,保綠-KY,2016-10-06,0.0,Investment_Trust,0.0
8423,保綠-KY,2016-12-20,0.0,Dealer_Hedging,0.0
8423,保綠-KY,2016-12-20,0.0,Dealer_self,0.0
8423,保綠-KY,2016-12-20,1000.0,Foreign_Investor,0.0
8423,保綠-KY,2016-12-20,0.0,Investment_Trust,0.0
8423,保綠-KY,2016-12-23,0.0,Dealer_Hedging,0.0
8423,保綠-KY,2016-12-23,0.0,Dealer_self,0.0
8423,保綠-KY,2016-12-23,1000.0,Foreign_Investor,0.0
8423,保綠-KY,2016-12-23,0.0,Investment_Trust,0.0
8423,保綠-KY,2016-12-27,0.0,Dealer_Hedging,0.0
8423,保綠-KY,2016-12-27,0.0,Dealer_self,0.0
8423,保綠-KY,2016-12-27,0.0,Foreign_Investor,5000.0
8423,保綠-KY,2016-12-27,0.0,Investment_Trust,0.0
8423,保綠-KY,2017-01-03,0.0,Dealer_Hedging,0.0
8423,保綠-KY,2017-01-03,0.0,Dealer_self,0.0
8423,保綠-KY,2017-01-03,0.0,Foreign_Investor,1000.0
8423,保綠-KY,2017-01-03,0.0,Investment_Trust,0.0
8423,保綠-KY,2017-02-14,0.0,Dealer_Hedging,0.0
8423,保綠-KY,2017-02-14,0.0,Dealer_self,0.0
8423,保綠-KY,2017-02-14,3000.0,Foreign_Investor,0.0
8423,保綠-KY,2017-02-14,0.0,Investment_Trust,0.0
8423,保綠-KY,2017-02-21,0.0,Dealer_Hedging,0.0
8423,保綠-KY,2017-02-21,0.0,Dealer_self,0.0
8423,保綠-KY,2017-02-21,0.0,Foreign_Investor,1000.0
8423,保綠-KY,2017-02-21,0.0,Investment_Trust,0.0
8423,保綠-KY,2017-03-07,0.0,Dealer_Hedging,0.0
8423,保綠-KY,2017-03-07,0.0,Dealer_self,0.0
8423,保綠-KY,2017-03-07,0.0,Foreign_Investor,1000.0
8423,保綠-KY,2017-03-07,0.0,Investment_Trust,0.0
8423,保綠-KY,2017-03-14,0.0,Dealer_Hedging,0.0
8423,保綠-KY,2017-03-14,0.0,Dealer_self,0.0
8423,保綠-KY,2017-03-14,1000.0,Foreign_Investor,0.0
8423,保綠-KY,2017-03-14,0.0,Investment_Trust,0.0
8423,保綠-KY,2017-03-22,0.0,Dealer_Hedging,0.0
8423,保綠-KY,2017-03-22,0.0,Dealer_self,0.0
8423,保綠-KY,2017-03-22,1000.0,Foreign_Investor,0.0
8423,保綠-KY,2017-03-22,0.0,Investment_Trust,0.0
8423,保綠-KY,2017-04-20,0.0,Dealer_Hedging,0.0
8423,保綠-KY,2017-04-20,0.0,Dealer_self,0.0
8423,保綠-KY,2017-04-20,0.0,Foreign_Investor,1000.0
8423,保綠-KY,2017-04-20,0.0,Investment_Trust,0.0
8423,保綠-KY,2017-05-31,0.0,Dealer_Hedging,0.0
8423,保綠-KY,2017-05-31,0.0,Dealer_self,0.0
8423,保綠-KY,2017-05-31,1000.0,Foreign_Investor,0.0
8423,保綠-KY,2017-05-31,0.0,Investment_Trust,0.0
8423,保綠-KY,2017-06-15,0.0,Dealer_Hedging,0.0
8423,保綠-KY,2017-06-15,0.0,Dealer_self,0.0
8423,保綠-KY,2017-06-15,0.0,Foreign_Investor,1000.0
8423,保綠-KY,2017-06-15,0.0,Investment_Trust,0.0
8423,保綠-KY,2017-06-21,0.0,Dealer_Hedging,0.0
8423,保綠-KY,2017-06-21,0.0,Dealer_self,0.0
8423,保綠-KY,2017-06-21,0.0,Foreign_Investor,1000.0
8423,保綠-KY,2017-06-21,0.0,Investment_Trust,0.0
8423,保綠-KY,2017-07-25,0.0,Dealer_Hedging,0.0
8423,保綠-KY,2017-07-25,0.0,Dealer_self,0.0
8423,保綠-KY,2017-07-25,3000.0,Foreign_Investor,0.0
8423,保綠-KY,2017-07-25,0.0,Investment_Trust,0.0
8423,保綠-KY,2017-08-09,0.0,Dealer_Hedging,0.0
8423,保綠-KY,2017-08-09,0.0,Dealer_self,0.0
8423,保綠-KY,2017-08-09,16000.0,Foreign_Investor,0.0
8423,保綠-KY,2017-08-09,0.0,Investment_Trust,0.0
8423,保綠-KY,2017-08-11,0.0,Dealer_Hedging,0.0
8423,保綠-KY,2017-08-11,0.0,Dealer_self,0.0
8423,保綠-KY,2017-08-11,0.0,Foreign_Investor,1000.0
8423,保綠-KY,2017-08-11,0.0,Investment_Trust,0.0
8423,保綠-KY,2017-09-01,0.0,Dealer_Hedging,0.0
8423,保綠-KY,2017-09-01,0.0,Dealer_self,0.0
8423,保綠-KY,2017-09-01,0.0,Foreign_Investor,1000.0
8423,保綠-KY,2017-09-01,0.0,Investment_Trust,0.0
8423,保綠-KY,2017-09-05,0.0,Dealer_Hedging,0.0
8423,保綠-KY,2017-09-05,0.0,Dealer_self,0.0
8423,保綠-KY,2017-09-05,0.0,Foreign_Investor,1000.0
8423,保綠-KY,2017-09-05,0.0,Investment_Trust,0.0
8423,保綠-KY,2017-09-14,0.0,Dealer_Hedging,0.0
8423,保綠-KY,2017-09-14,0.0,Dealer_self,0.0
8423,保綠-KY,2017-09-14,0.0,Foreign_Investor,1000.0
8423,保綠-KY,2017-09-14,0.0,Investment_Trust,0.0
8423,保綠-KY,2017-10-03,0.0,Dealer_Hedging,0.0
8423,保綠-KY,2017-10-03,0.0,Dealer_self,0.0
8423,保綠-KY,2017-10-03,0.0,Foreign_Investor,570.0
8423,保綠-KY,2017-10-03,0.0,Investment_Trust,0.0
8423,保綠-KY,2017-10-12,0.0,Dealer_Hedging,0.0
8423,保綠-KY,2017-10-12,0.0,Dealer_self,0.0
8423,保綠-KY,2017-10-12,8000.0,Foreign_Investor,0.0
8423,保綠-KY,2017-10-12,0.0,Investment_Trust,0.0
8423,保綠-KY,2017-11-13,0.0,Dealer_Hedging,0.0
8423,保綠-KY,2017-11-13,0.0,Dealer_self,0.0
8423,保綠-KY,2017-11-13,1000.0,Foreign_Investor,0.0
8423,保綠-KY,2017-11-13,0.0,Investment_Trust,0.0
8423,保綠-KY,2017-11-15,0.0,Dealer_Hedging,0.0
8423,保綠-KY,2017-11-15,0.0,Dealer_self,0.0
8423,保綠-KY,2017-11-15,0.0,Foreign_Investor,1000.0
8423,保綠-KY,2017-11-15,0.0,Investment_Trust,0.0
8423,保綠-KY,2017-12-21,0.0,Dealer_Hedging,0.0
8423,保綠-KY,2017-12-21,0.0,Dealer_self,0.0
8423,保綠-KY,2017-12-21,0.0,Foreign_Dealer_Self,1000.0
8423,保綠-KY,2017-12-21,0.0,Foreign_Investor,1000.0
8423,保綠-KY,2017-12-21,0.0,Investment_Trust,0.0
8423,保綠-KY,2017-12-29,0.0,Dealer_Hedging,0.0
8423,保綠-KY,2017-12-29,0.0,Dealer_self,0.0
8423,保綠-KY,2017-12-29,0.0,Foreign_Dealer_Self,2000.0
8423,保綠-KY,2017-12-29,0.0,Foreign_Investor,2000.0
8423,保綠-KY,2017-12-29,0.0,Investment_Trust,0.0
8423,保綠-KY,2018-01-03,0.0,Dealer_Hedging,0.0
8423,保綠-KY,2018-01-03,0.0,Dealer_self,0.0
8423,保綠-KY,2018-01-03,0.0,Foreign_Dealer_Self,1000.0
8423,保綠-KY,2018-01-03,0.0,Foreign_Investor,1000.0
8423,保綠-KY,2018-01-03,0.0,Investment_Trust,0.0
8423,保綠-KY,2018-01-12,0.0,Dealer_Hedging,0.0
8423,保綠-KY,2018-01-12,0.0,Dealer_self,0.0
8423,保綠-KY,2018-01-12,0.0,Foreign_Dealer_Self,1000.0
8423,保綠-KY,2018-01-12,0.0,Foreign_Investor,1000.0
8423,保綠-KY,2018-01-12,0.0,Investment_Trust,0.0
8423,保綠-KY,2018-01-19,0.0,Dealer_Hedging,0.0
8423,保綠-KY,2018-01-19,0.0,Dealer_self,0.0
8423,保綠-KY,2018-01-19,0.0,Foreign_Dealer_Self,0.0
8423,保綠-KY,2018-01-19,0.0,Foreign_Investor,1000.0
8423,保綠-KY,2018-01-19,0.0,Investment_Trust,0.0
8423,保綠-KY,2018-02-21,0.0,Dealer_Hedging,0.0
8423,保綠-KY,2018-02-21,0.0,Dealer_self,0.0
8423,保綠-KY,2018-02-21,0.0,Foreign_Dealer_Self,0.0
8423,保綠-KY,2018-02-21,0.0,Foreign_Investor,7000.0
8423,保綠-KY,2018-02-21,0.0,Investment_Trust,0.0
8423,保綠-KY,2018-03-01,0.0,Dealer_Hedging,0.0
8423,保綠-KY,2018-03-01,0.0,Dealer_self,0.0
8423,保綠-KY,2018-03-01,0.0,Foreign_Dealer_Self,0.0
8423,保綠-KY,2018-03-01,0.0,Foreign_Investor,3000.0
8423,保綠-KY,2018-03-01,0.0,Investment_Trust,0.0
8423,保綠-KY,2018-03-02,0.0,Dealer_Hedging,0.0
8423,保綠-KY,2018-03-02,0.0,Dealer_self,0.0
8423,保綠-KY,2018-03-02,0.0,Foreign_Dealer_Self,0.0
8423,保綠-KY,2018-03-02,4000.0,Foreign_Investor,0.0
8423,保綠-KY,2018-03-02,0.0,Investment_Trust,0.0
8423,保綠-KY,2018-03-08,0.0,Dealer_Hedging,0.0
8423,保綠-KY,2018-03-08,2000.0,Dealer_self,0.0
8423,保綠-KY,2018-03-08,0.0,Foreign_Dealer_Self,0.0
8423,保綠-KY,2018-03-08,0.0,Foreign_Investor,0.0
8423,保綠-KY,2018-03-08,0.0,Investment_Trust,0.0
8423,保綠-KY,2018-03-12,0.0,Dealer_Hedging,0.0
8423,保綠-KY,2018-03-12,0.0,Dealer_self,1000.0
8423,保綠-KY,2018-03-12,0.0,Foreign_Dealer_Self,0.0
8423,保綠-KY,2018-03-12,0.0,Foreign_Investor,0.0
8423,保綠-KY,2018-03-12,0.0,Investment_Trust,0.0
8423,保綠-KY,2018-03-13,0.0,Dealer_Hedging,0.0
8423,保綠-KY,2018-03-13,1000.0,Dealer_self,1000.0
8423,保綠-KY,2018-03-13,0.0,Foreign_Dealer_Self,0.0
8423,保綠-KY,2018-03-13,0.0,Foreign_Investor,0.0
8423,保綠-KY,2018-03-13,0.0,Investment_Trust,0.0
8423,保綠-KY,2018-03-14,0.0,Dealer_Hedging,0.0
8423,保綠-KY,2018-03-14,0.0,Dealer_self,1000.0
8423,保綠-KY,2018-03-14,0.0,Foreign_Dealer_Self,0.0
8423,保綠-KY,2018-03-14,0.0,Foreign_Investor,0.0
8423,保綠-KY,2018-03-14,0.0,Investment_Trust,0.0
8423,保綠-KY,2018-03-19,0.0,Dealer_Hedging,0.0
8423,保綠-KY,2018-03-19,1000.0,Dealer_self,0.0
8423,保綠-KY,2018-03-19,0.0,Foreign_Dealer_Self,0.0
8423,保綠-KY,2018-03-19,0.0,Foreign_Investor,0.0
8423,保綠-KY,2018-03-19,0.0,Investment_Trust,0.0
8423,保綠-KY,2018-03-20,0.0,Dealer_Hedging,0.0
8423,保綠-KY,2018-03-20,0.0,Dealer_self,1000.0
8423,保綠-KY,2018-03-20,0.0,Foreign_Dealer_Self,0.0
8423,保綠-KY,2018-03-20,0.0,Foreign_Investor,0.0
8423,保綠-KY,2018-03-20,0.0,Investment_Trust,0.0
8423,保綠-KY,2018-03-21,0.0,Dealer_Hedging,0.0
8423,保綠-KY,2018-03-21,1000.0,Dealer_self,0.0
8423,保綠-KY,2018-03-21,0.0,Foreign_Dealer_Self,0.0
8423,保綠-KY,2018-03-21,0.0,Foreign_Investor,0.0
8423,保綠-KY,2018-03-21,0.0,Investment_Trust,0.0
8423,保綠-KY,2018-03-22,0.0,Dealer_Hedging,0.0
8423,保綠-KY,2018-03-22,2000.0,Dealer_self,1000.0
8423,保綠-KY,2018-03-22,0.0,Foreign_Dealer_Self,0.0
8423,保綠-KY,2018-03-22,0.0,Foreign_Investor,9000.0
8423,保綠-KY,2018-03-22,0.0,Investment_Trust,0.0
8423,保綠-KY,2018-03-23,0.0,Dealer_Hedging,0.0
8423,保綠-KY,2018-03-23,0.0,Dealer_self,1000.0
8423,保綠-KY,2018-03-23,0.0,Foreign_Dealer_Self,0.0
8423,保綠-KY,2018-03-23,0.0,Foreign_Investor,3000.0
8423,保綠-KY,2018-03-23,0.0,Investment_Trust,0.0
8423,保綠-KY,2018-03-26,0.0,Dealer_Hedging,0.0
8423,保綠-KY,2018-03-26,5000.0,Dealer_self,1000.0
8423,保綠-KY,2018-03-26,0.0,Foreign_Dealer_Self,0.0
8423,保綠-KY,2018-03-26,0.0,Foreign_Investor,0.0
8423,保綠-KY,2018-03-26,0.0,Investment_Trust,0.0
8423,保綠-KY,2018-03-27,0.0,Dealer_Hedging,0.0
8423,保綠-KY,2018-03-27,3000.0,Dealer_self,1000.0
8423,保綠-KY,2018-03-27,0.0,Foreign_Dealer_Self,0.0
8423,保綠-KY,2018-03-27,0.0,Foreign_Investor,0.0
8423,保綠-KY,2018-03-27,0.0,Investment_Trust,0.0
8423,保綠-KY,2018-03-28,0.0,Dealer_Hedging,0.0
8423,保綠-KY,2018-03-28,0.0,Dealer_self,3000.0
8423,保綠-KY,2018-03-28,0.0,Foreign_Dealer_Self,0.0
8423,保綠-KY,2018-03-28,0.0,Foreign_Investor,0.0
8423,保綠-KY,2018-03-28,0.0,Investment_Trust,0.0
8423,保綠-KY,2018-03-29,0.0,Dealer_Hedging,0.0
8423,保綠-KY,2018-03-29,2000.0,Dealer_self,0.0
8423,保綠-KY,2018-03-29,0.0,Foreign_Dealer_Self,0.0
8423,保綠-KY,2018-03-29,0.0,Foreign_Investor,0.0
8423,保綠-KY,2018-03-29,0.0,Investment_Trust,0.0
8423,保綠-KY,2018-03-30,0.0,Dealer_Hedging,0.0
8423,保綠-KY,2018-03-30,2000.0,Dealer_self,2000.0
8423,保綠-KY,2018-03-30,0.0,Foreign_Dealer_Self,0.0
8423,保綠-KY,2018-03-30,0.0,Foreign_Investor,0.0
8423,保綠-KY,2018-03-30,0.0,Investment_Trust,0.0
8423,保綠-KY,2018-03-31,0.0,Dealer_Hedging,0.0
8423,保綠-KY,2018-03-31,0.0,Dealer_self,2000.0
8423,保綠-KY,2018-03-31,0.0,Foreign_Dealer_Self,0.0
8423,保綠-KY,2018-03-31,0.0,Foreign_Investor,0.0
8423,保綠-KY,2018-03-31,0.0,Investment_Trust,0.0
8423,保綠-KY,2018-04-02,0.0,Dealer_Hedging,0.0
8423,保綠-KY,2018-04-02,2000.0,Dealer_self,0.0
8423,保綠-KY,2018-04-02,0.0,Foreign_Dealer_Self,0.0
8423,保綠-KY,2018-04-02,0.0,Foreign_Investor,0.0
8423,保綠-KY,2018-04-02,0.0,Investment_Trust,0.0
8423,保綠-KY,2018-04-03,0.0,Dealer_Hedging,0.0
8423,保綠-KY,2018-04-03,0.0,Dealer_self,2000.0
8423,保綠-KY,2018-04-03,0.0,Foreign_Dealer_Self,0.0
8423,保綠-KY,2018-04-03,0.0,Foreign_Investor,0.0
8423,保綠-KY,2018-04-03,0.0,Investment_Trust,0.0
8423,保綠-KY,2018-04-09,0.0,Dealer_Hedging,0.0
8423,保綠-KY,2018-04-09,2000.0,Dealer_self,0.0
8423,保綠-KY,2018-04-09,0.0,Foreign_Dealer_Self,0.0
8423,保綠-KY,2018-04-09,0.0,Foreign_Investor,0.0
8423,保綠-KY,2018-04-09,0.0,Investment_Trust,0.0
8423,保綠-KY,2018-04-10,0.0,Dealer_Hedging,0.0
8423,保綠-KY,2018-04-10,0.0,Dealer_self,2000.0
8423,保綠-KY,2018-04-10,0.0,Foreign_Dealer_Self,0.0
8423,保綠-KY,2018-04-10,0.0,Foreign_Investor,0.0
8423,保綠-KY,2018-04-10,0.0,Investment_Trust,0.0
8423,保綠-KY,2018-04-11,0.0,Dealer_Hedging,0.0
8423,保綠-KY,2018-04-11,2000.0,Dealer_self,0.0
8423,保綠-KY,2018-04-11,0.0,Foreign_Dealer_Self,0.0
8423,保綠-KY,2018-04-11,0.0,Foreign_Investor,0.0
8423,保綠-KY,2018-04-11,0.0,Investment_Trust,0.0
8423,保綠-KY,2018-04-12,0.0,Dealer_Hedging,0.0
8423,保綠-KY,2018-04-12,2000.0,Dealer_self,2000.0
8423,保綠-KY,2018-04-12,0.0,Foreign_Dealer_Self,0.0
8423,保綠-KY,2018-04-12,0.0,Foreign_Investor,0.0
8423,保綠-KY,2018-04-12,0.0,Investment_Trust,0.0
8423,保綠-KY,2018-04-13,0.0,Dealer_Hedging,0.0
8423,保綠-KY,2018-04-13,0.0,Dealer_self,2000.0
8423,保綠-KY,2018-04-13,0.0,Foreign_Dealer_Self,0.0
8423,保綠-KY,2018-04-13,0.0,Foreign_Investor,0.0
8423,保綠-KY,2018-04-13,0.0,Investment_Trust,0.0
8423,保綠-KY,2018-04-16,0.0,Dealer_Hedging,0.0
8423,保綠-KY,2018-04-16,2000.0,Dealer_self,0.0
8423,保綠-KY,2018-04-16,0.0,Foreign_Dealer_Self,0.0
8423,保綠-KY,2018-04-16,0.0,Foreign_Investor,0.0
8423,保綠-KY,2018-04-16,0.0,Investment_Trust,0.0
8423,保綠-KY,2018-04-17,0.0,Dealer_Hedging,0.0
8423,保綠-KY,2018-04-17,0.0,Dealer_self,2000.0
8423,保綠-KY,2018-04-17,0.0,Foreign_Dealer_Self,0.0
8423,保綠-KY,2018-04-17,0.0,Foreign_Investor,0.0
8423,保綠-KY,2018-04-17,0.0,Investment_Trust,0.0
8423,保綠-KY,2018-04-18,0.0,Dealer_Hedging,0.0
8423,保綠-KY,2018-04-18,2000.0,Dealer_self,0.0
8423,保綠-KY,2018-04-18,0.0,Foreign_Dealer_Self,0.0
8423,保綠-KY,2018-04-18,0.0,Foreign_Investor,0.0
8423,保綠-KY,2018-04-18,0.0,Investment_Trust,0.0
8423,保綠-KY,2018-04-19,0.0,Dealer_Hedging,0.0
8423,保綠-KY,2018-04-19,0.0,Dealer_self,2000.0
8423,保綠-KY,2018-04-19,0.0,Foreign_Dealer_Self,0.0
8423,保綠-KY,2018-04-19,0.0,Foreign_Investor,0.0
8423,保綠-KY,2018-04-19,0.0,Investment_Trust,0.0
8423,保綠-KY,2018-04-20,0.0,Dealer_Hedging,0.0
8423,保綠-KY,2018-04-20,2000.0,Dealer_self,0.0
8423,保綠-KY,2018-04-20,0.0,Foreign_Dealer_Self,0.0
8423,保綠-KY,2018-04-20,0.0,Foreign_Investor,0.0
8423,保綠-KY,2018-04-20,0.0,Investment_Trust,0.0
8423,保綠-KY,2018-04-23,0.0,Dealer_Hedging,0.0
8423,保綠-KY,2018-04-23,2000.0,Dealer_self,2000.0
8423,保綠-KY,2018-04-23,0.0,Foreign_Dealer_Self,0.0
8423,保綠-KY,2018-04-23,0.0,Foreign_Investor,0.0
8423,保綠-KY,2018-04-23,0.0,Investment_Trust,0.0
8423,保綠-KY,2018-04-24,0.0,Dealer_Hedging,0.0
8423,保綠-KY,2018-04-24,2000.0,Dealer_self,2000.0
8423,保綠-KY,2018-04-24,0.0,Foreign_Dealer_Self,0.0
8423,保綠-KY,2018-04-24,0.0,Foreign_Investor,0.0
8423,保綠-KY,2018-04-24,0.0,Investment_Trust,0.0
8423,保綠-KY,2018-04-25,0.0,Dealer_Hedging,0.0
8423,保綠-KY,2018-04-25,1000.0,Dealer_self,3000.0
8423,保綠-KY,2018-04-25,0.0,Foreign_Dealer_Self,0.0
8423,保綠-KY,2018-04-25,0.0,Foreign_Investor,0.0
8423,保綠-KY,2018-04-25,0.0,Investment_Trust,0.0
8423,保綠-KY,2018-04-26,0.0,Dealer_Hedging,0.0
8423,保綠-KY,2018-04-26,0.0,Dealer_self,1000.0
8423,保綠-KY,2018-04-26,0.0,Foreign_Dealer_Self,0.0
8423,保綠-KY,2018-04-26,0.0,Foreign_Investor,0.0
8423,保綠-KY,2018-04-26,0.0,Investment_Trust,0.0
8423,保綠-KY,2018-05-10,0.0,Dealer_Hedging,0.0
8423,保綠-KY,2018-05-10,0.0,Dealer_self,2000.0
8423,保綠-KY,2018-05-10,0.0,Foreign_Dealer_Self,0.0
8423,保綠-KY,2018-05-10,0.0,Foreign_Investor,0.0
8423,保綠-KY,2018-05-10,0.0,Investment_Trust,0.0
8423,保綠-KY,2018-05-11,0.0,Dealer_Hedging,0.0
8423,保綠-KY,2018-05-11,0.0,Dealer_self,1000.0
8423,保綠-KY,2018-05-11,0.0,Foreign_Dealer_Self,0.0
8423,保綠-KY,2018-05-11,0.0,Foreign_Investor,0.0
8423,保綠-KY,2018-05-11,0.0,Investment_Trust,0.0
8423,保綠-KY,2018-07-26,0.0,Dealer_Hedging,0.0
8423,保綠-KY,2018-07-26,1000.0,Dealer_self,0.0
8423,保綠-KY,2018-07-26,0.0,Foreign_Dealer_Self,0.0
8423,保綠-KY,2018-07-26,0.0,Foreign_Investor,0.0
8423,保綠-KY,2018-07-26,0.0,Investment_Trust,0.0
8423,保綠-KY,2018-07-27,0.0,Dealer_Hedging,0.0
8423,保綠-KY,2018-07-27,0.0,Dealer_self,1000.0
8423,保綠-KY,2018-07-27,0.0,Foreign_Dealer_Self,0.0
8423,保綠-KY,2018-07-27,1000.0,Foreign_Investor,0.0
8423,保綠-KY,2018-07-27,0.0,Investment_Trust,0.0
8423,保綠-KY,2018-08-02,0.0,Dealer_Hedging,0.0
8423,保綠-KY,2018-08-02,0.0,Dealer_self,0.0
8423,保綠-KY,2018-08-02,0.0,Foreign_Dealer_Self,0.0
8423,保綠-KY,2018-08-02,0.0,Foreign_Investor,1000.0
8423,保綠-KY,2018-08-02,0.0,Investment_Trust,0.0
8423,保綠-KY,2018-09-03,0.0,Dealer_Hedging,0.0
8423,保綠-KY,2018-09-03,0.0,Dealer_self,0.0
8423,保綠-KY,2018-09-03,0.0,Foreign_Dealer_Self,0.0
8423,保綠-KY,2018-09-03,1000.0,Foreign_Investor,0.0
8423,保綠-KY,2018-09-03,0.0,Investment_Trust,0.0
8423,保綠-KY,2019-03-22,0.0,Dealer_Hedging,0.0
8423,保綠-KY,2019-03-22,210.0,Dealer_self,0.0
8423,保綠-KY,2019-03-22,0.0,Foreign_Dealer_Self,0.0
8423,保綠-KY,2019-03-22,0.0,Foreign_Investor,0.0
8423,保綠-KY,2019-03-22,0.0,Investment_Trust,0.0
8423,保綠-KY,2019-03-25,0.0,Dealer_Hedging,0.0
8423,保綠-KY,2019-03-25,0.0,Dealer_self,210.0
8423,保綠-KY,2019-03-25,0.0,Foreign_Dealer_Self,0.0
8423,保綠-KY,2019-03-25,0.0,Foreign_Investor,0.0
8423,保綠-KY,2019-03-25,0.0,Investment_Trust,0.0
8423,保綠-KY,2019-03-27,0.0,Dealer_Hedging,0.0
8423,保綠-KY,2019-03-27,250.0,Dealer_self,0.0
8423,保綠-KY,2019-03-27,0.0,Foreign_Dealer_Self,0.0
8423,保綠-KY,2019-03-27,0.0,Foreign_Investor,0.0
8423,保綠-KY,2019-03-27,0.0,Investment_Trust,0.0
8423,保綠-KY,2019-04-03,0.0,Dealer_Hedging,0.0
8423,保綠-KY,2019-04-03,50.0,Dealer_self,0.0
8423,保綠-KY,2019-04-03,0.0,Foreign_Dealer_Self,0.0
8423,保綠-KY,2019-04-03,0.0,Foreign_Investor,0.0
8423,保綠-KY,2019-04-03,0.0,Investment_Trust,0.0
8423,保綠-KY,2019-04-11,0.0,Dealer_Hedging,0.0
8423,保綠-KY,2019-04-11,65.0,Dealer_self,0.0
8423,保綠-KY,2019-04-11,0.0,Foreign_Dealer_Self,0.0
8423,保綠-KY,2019-04-11,0.0,Foreign_Investor,0.0
8423,保綠-KY,2019-04-11,0.0,Investment_Trust,0.0
8423,保綠-KY,2019-04-12,0.0,Dealer_Hedging,0.0
8423,保綠-KY,2019-04-12,300.0,Dealer_self,0.0
8423,保綠-KY,2019-04-12,0.0,Foreign_Dealer_Self,0.0
8423,保綠-KY,2019-04-12,0.0,Foreign_Investor,0.0
8423,保綠-KY,2019-04-12,0.0,Investment_Trust,0.0
8423,保綠-KY,2019-04-17,0.0,Dealer_Hedging,0.0
8423,保綠-KY,2019-04-17,129.0,Dealer_self,0.0
8423,保綠-KY,2019-04-17,0.0,Foreign_Dealer_Self,0.0
8423,保綠-KY,2019-04-17,0.0,Foreign_Investor,0.0
8423,保綠-KY,2019-04-17,0.0,Investment_Trust,0.0
8423,保綠-KY,2019-04-19,0.0,Dealer_Hedging,0.0
8423,保綠-KY,2019-04-19,0.0,Dealer_self,752.0
8423,保綠-KY,2019-04-19,0.0,Foreign_Dealer_Self,0.0
8423,保綠-KY,2019-04-19,0.0,Foreign_Investor,0.0
8423,保綠-KY,2019-04-19,0.0,Investment_Trust,0.0
8423,保綠-KY,2019-04-23,0.0,Dealer_Hedging,0.0
8423,保綠-KY,2019-04-23,0.0,Dealer_self,42.0
8423,保綠-KY,2019-04-23,0.0,Foreign_Dealer_Self,0.0
8423,保綠-KY,2019-04-23,0.0,Foreign_Investor,0.0
8423,保綠-KY,2019-04-23,0.0,Investment_Trust,0.0
8423,保綠-KY,2019-05-13,0.0,Dealer_Hedging,0.0
8423,保綠-KY,2019-05-13,169.0,Dealer_self,0.0
8423,保綠-KY,2019-05-13,0.0,Foreign_Dealer_Self,0.0
8423,保綠-KY,2019-05-13,0.0,Foreign_Investor,0.0
8423,保綠-KY,2019-05-13,0.0,Investment_Trust,0.0
8423,保綠-KY,2019-05-20,0.0,Dealer_Hedging,0.0
8423,保綠-KY,2019-05-20,114.0,Dealer_self,0.0
8423,保綠-KY,2019-05-20,0.0,Foreign_Dealer_Self,0.0
8423,保綠-KY,2019-05-20,0.0,Foreign_Investor,0.0
8423,保綠-KY,2019-05-20,0.0,Investment_Trust,0.0
8423,保綠-KY,2019-05-22,0.0,Dealer_Hedging,0.0
8423,保綠-KY,2019-05-22,0.0,Dealer_self,0.0
8423,保綠-KY,2019-05-22,0.0,Foreign_Dealer_Self,0.0
8423,保綠-KY,2019-05-22,1000.0,Foreign_Investor,0.0
8423,保綠-KY,2019-05-22,0.0,Investment_Trust,0.0
8423,保綠-KY,2019-05-27,0.0,Dealer_Hedging,0.0
8423,保綠-KY,2019-05-27,100.0,Dealer_self,0.0
8423,保綠-KY,2019-05-27,0.0,Foreign_Dealer_Self,0.0
8423,保綠-KY,2019-05-27,0.0,Foreign_Investor,0.0
8423,保綠-KY,2019-05-27,0.0,Investment_Trust,0.0
8423,保綠-KY,2019-06-06,0.0,Dealer_Hedging,0.0
8423,保綠-KY,2019-06-06,500.0,Dealer_self,0.0
8423,保綠-KY,2019-06-06,0.0,Foreign_Dealer_Self,0.0
8423,保綠-KY,2019-06-06,0.0,Foreign_Investor,0.0
8423,保綠-KY,2019-06-06,0.0,Investment_Trust,0.0
8423,保綠-KY,2019-06-10,0.0,Dealer_Hedging,0.0
8423,保綠-KY,2019-06-10,100.0,Dealer_self,0.0
8423,保綠-KY,2019-06-10,0.0,Foreign_Dealer_Self,0.0
8423,保綠-KY,2019-06-10,0.0,Foreign_Investor,0.0
8423,保綠-KY,2019-06-10,0.0,Investment_Trust,0.0
8423,保綠-KY,2019-06-18,0.0,Dealer_Hedging,0.0
8423,保綠-KY,2019-06-18,31.0,Dealer_self,0.0
8423,保綠-KY,2019-06-18,0.0,Foreign_Dealer_Self,0.0
8423,保綠-KY,2019-06-18,0.0,Foreign_Investor,0.0
8423,保綠-KY,2019-06-18,0.0,Investment_Trust,0.0
8423,保綠-KY,2019-06-19,0.0,Dealer_Hedging,0.0
8423,保綠-KY,2019-06-19,0.0,Dealer_self,1000.0
8423,保綠-KY,2019-06-19,0.0,Foreign_Dealer_Self,0.0
8423,保綠-KY,2019-06-19,0.0,Foreign_Investor,0.0
8423,保綠-KY,2019-06-19,0.0,Investment_Trust,0.0
8423,保綠-KY,2019-06-21,0.0,Dealer_Hedging,0.0
8423,保綠-KY,2019-06-21,250.0,Dealer_self,0.0
8423,保綠-KY,2019-06-21,0.0,Foreign_Dealer_Self,0.0
8423,保綠-KY,2019-06-21,0.0,Foreign_Investor,0.0
8423,保綠-KY,2019-06-21,0.0,Investment_Trust,0.0
8423,保綠-KY,2019-07-03,0.0,Dealer_Hedging,0.0
8423,保綠-KY,2019-07-03,675.0,Dealer_self,0.0
8423,保綠-KY,2019-07-03,0.0,Foreign_Dealer_Self,0.0
8423,保綠-KY,2019-07-03,0.0,Foreign_Investor,0.0
8423,保綠-KY,2019-07-03,0.0,Investment_Trust,0.0
8423,保綠-KY,2019-07-04,0.0,Dealer_Hedging,0.0
8423,保綠-KY,2019-07-04,0.0,Dealer_self,200.0
8423,保綠-KY,2019-07-04,0.0,Foreign_Dealer_Self,0.0
8423,保綠-KY,2019-07-04,0.0,Foreign_Investor,0.0
8423,保綠-KY,2019-07-04,0.0,Investment_Trust,0.0
8423,保綠-KY,2019-07-18,0.0,Dealer_Hedging,0.0
8423,保綠-KY,2019-07-18,50.0,Dealer_self,0.0
8423,保綠-KY,2019-07-18,0.0,Foreign_Dealer_Self,0.0
8423,保綠-KY,2019-07-18,0.0,Foreign_Investor,0.0
8423,保綠-KY,2019-07-18,0.0,Investment_Trust,0.0
8423,保綠-KY,2019-07-25,0.0,Dealer_Hedging,0.0
8423,保綠-KY,2019-07-25,0.0,Dealer_self,100.0
8423,保綠-KY,2019-07-25,0.0,Foreign_Dealer_Self,0.0
8423,保綠-KY,2019-07-25,0.0,Foreign_Investor,0.0
8423,保綠-KY,2019-07-25,0.0,Investment_Trust,0.0
8423,保綠-KY,2019-07-29,0.0,Dealer_Hedging,0.0
8423,保綠-KY,2019-07-29,0.0,Dealer_self,120.0
8423,保綠-KY,2019-07-29,0.0,Foreign_Dealer_Self,0.0
8423,保綠-KY,2019-07-29,0.0,Foreign_Investor,0.0
8423,保綠-KY,2019-07-29,0.0,Investment_Trust,0.0
8423,保綠-KY,2019-08-05,0.0,Dealer_Hedging,0.0
8423,保綠-KY,2019-08-05,150.0,Dealer_self,0.0
8423,保綠-KY,2019-08-05,0.0,Foreign_Dealer_Self,0.0
8423,保綠-KY,2019-08-05,0.0,Foreign_Investor,0.0
8423,保綠-KY,2019-08-05,0.0,Investment_Trust,0.0
8423,保綠-KY,2019-08-12,0.0,Dealer_Hedging,0.0
8423,保綠-KY,2019-08-12,0.0,Dealer_self,719.0
8423,保綠-KY,2019-08-12,0.0,Foreign_Dealer_Self,0.0
8423,保綠-KY,2019-08-12,0.0,Foreign_Investor,0.0
8423,保綠-KY,2019-08-12,0.0,Investment_Trust,0.0
8423,保綠-KY,2019-08-14,0.0,Dealer_Hedging,0.0
8423,保綠-KY,2019-08-14,736.0,Dealer_self,0.0
8423,保綠-KY,2019-08-14,0.0,Foreign_Dealer_Self,0.0
8423,保綠-KY,2019-08-14,0.0,Foreign_Investor,0.0
8423,保綠-KY,2019-08-14,0.0,Investment_Trust,0.0
8423,保綠-KY,2019-08-19,0.0,Dealer_Hedging,0.0
8423,保綠-KY,2019-08-19,0.0,Dealer_self,240.0
8423,保綠-KY,2019-08-19,0.0,Foreign_Dealer_Self,0.0
8423,保綠-KY,2019-08-19,0.0,Foreign_Investor,0.0
8423,保綠-KY,2019-08-19,0.0,Investment_Trust,0.0
8423,保綠-KY,2019-08-21,0.0,Dealer_Hedging,0.0
8423,保綠-KY,2019-08-21,0.0,Dealer_self,100.0
8423,保綠-KY,2019-08-21,0.0,Foreign_Dealer_Self,0.0
8423,保綠-KY,2019-08-21,0.0,Foreign_Investor,0.0
8423,保綠-KY,2019-08-21,0.0,Investment_Trust,0.0
8423,保綠-KY,2019-08-22,0.0,Dealer_Hedging,0.0
8423,保綠-KY,2019-08-22,0.0,Dealer_self,138.0
8423,保綠-KY,2019-08-22,0.0,Foreign_Dealer_Self,0.0
8423,保綠-KY,2019-08-22,0.0,Foreign_Investor,0.0
8423,保綠-KY,2019-08-22,0.0,Investment_Trust,0.0
8423,保綠-KY,2019-08-23,0.0,Dealer_Hedging,0.0
8423,保綠-KY,2019-08-23,0.0,Dealer_self,100.0
8423,保綠-KY,2019-08-23,0.0,Foreign_Dealer_Self,0.0
8423,保綠-KY,2019-08-23,0.0,Foreign_Investor,0.0
8423,保綠-KY,2019-08-23,0.0,Investment_Trust,0.0
8423,保綠-KY,2019-08-27,0.0,Dealer_Hedging,0.0
8423,保綠-KY,2019-08-27,392.0,Dealer_self,0.0
8423,保綠-KY,2019-08-27,0.0,Foreign_Dealer_Self,0.0
8423,保綠-KY,2019-08-27,0.0,Foreign_Investor,0.0
8423,保綠-KY,2019-08-27,0.0,Investment_Trust,0.0
8423,保綠-KY,2019-08-29,0.0,Dealer_Hedging,0.0
8423,保綠-KY,2019-08-29,361.0,Dealer_self,0.0
8423,保綠-KY,2019-08-29,0.0,Foreign_Dealer_Self,0.0
8423,保綠-KY,2019-08-29,0.0,Foreign_Investor,0.0
8423,保綠-KY,2019-08-29,0.0,Investment_Trust,0.0
8423,保綠-KY,2019-09-19,0.0,Dealer_Hedging,0.0
8423,保綠-KY,2019-09-19,0.0,Dealer_self,541.0
8423,保綠-KY,2019-09-19,0.0,Foreign_Dealer_Self,0.0
8423,保綠-KY,2019-09-19,0.0,Foreign_Investor,0.0
8423,保綠-KY,2019-09-19,0.0,Investment_Trust,0.0
8423,保綠-KY,2019-09-23,0.0,Dealer_Hedging,0.0
8423,保綠-KY,2019-09-23,0.0,Dealer_self,382.0
8423,保綠-KY,2019-09-23,0.0,Foreign_Dealer_Self,0.0
8423,保綠-KY,2019-09-23,0.0,Foreign_Investor,0.0
8423,保綠-KY,2019-09-23,0.0,Investment_Trust,0.0
8423,保綠-KY,2019-11-01,0.0,Dealer_Hedging,0.0
8423,保綠-KY,2019-11-01,0.0,Dealer_self,0.0
8423,保綠-KY,2019-11-01,0.0,Foreign_Dealer_Self,0.0
8423,保綠-KY,2019-11-01,0.0,Foreign_Investor,1000.0
8423,保綠-KY,2019-11-01,0.0,Investment_Trust,0.0
8423,保綠-KY,2019-11-04,0.0,Dealer_Hedging,0.0
8423,保綠-KY,2019-11-04,0.0,Dealer_self,0.0
8423,保綠-KY,2019-11-04,0.0,Foreign_Dealer_Self,0.0
8423,保綠-KY,2019-11-04,0.0,Foreign_Investor,50.0
8423,保綠-KY,2019-11-04,0.0,Investment_Trust,0.0
8423,保綠-KY,2019-11-08,0.0,Dealer_Hedging,0.0
8423,保綠-KY,2019-11-08,0.0,Dealer_self,0.0
8423,保綠-KY,2019-11-08,0.0,Foreign_Dealer_Self,0.0
8423,保綠-KY,2019-11-08,1000.0,Foreign_Investor,0.0
8423,保綠-KY,2019-11-08,0.0,Investment_Trust,0.0
8423,保綠-KY,2020-01-10,0.0,Dealer_Hedging,0.0
8423,保綠-KY,2020-01-10,0.0,Dealer_self,0.0
8423,保綠-KY,2020-01-10,0.0,Foreign_Dealer_Self,0.0
8423,保綠-KY,2020-01-10,1000.0,Foreign_Investor,0.0
8423,保綠-KY,2020-01-10,0.0,Investment_Trust,0.0
8423,保綠-KY,2020-01-17,0.0,Dealer_Hedging,0.0
8423,保綠-KY,2020-01-17,0.0,Dealer_self,0.0
8423,保綠-KY,2020-01-17,0.0,Foreign_Dealer_Self,0.0
8423,保綠-KY,2020-01-17,1000.0,Foreign_Investor,0.0
8423,保綠-KY,2020-01-17,0.0,Investment_Trust,0.0
8423,保綠-KY,2020-02-13,0.0,Dealer_Hedging,0.0
8423,保綠-KY,2020-02-13,0.0,Dealer_self,0.0
8423,保綠-KY,2020-02-13,0.0,Foreign_Dealer_Self,0.0
8423,保綠-KY,2020-02-13,0.0,Foreign_Investor,2000.0
8423,保綠-KY,2020-02-13,0.0,Investment_Trust,0.0
8423,保綠-KY,2020-04-15,0.0,Dealer_Hedging,0.0
8423,保綠-KY,2020-04-15,0.0,Dealer_self,0.0
8423,保綠-KY,2020-04-15,0.0,Foreign_Dealer_Self,0.0
8423,保綠-KY,2020-04-15,1000.0,Foreign_Investor,0.0
8423,保綠-KY,2020-04-15,0.0,Investment_Trust,0.0
8423,保綠-KY,2020-04-20,0.0,Dealer_Hedging,0.0
8423,保綠-KY,2020-04-20,0.0,Dealer_self,0.0
8423,保綠-KY,2020-04-20,0.0,Foreign_Dealer_Self,0.0
8423,保綠-KY,2020-04-20,1000.0,Foreign_Investor,0.0
8423,保綠-KY,2020-04-20,0.0,Investment_Trust,0.0
8423,保綠-KY,2020-06-08,0.0,Dealer_Hedging,0.0
8423,保綠-KY,2020-06-08,0.0,Dealer_self,0.0
8423,保綠-KY,2020-06-08,0.0,Foreign_Dealer_Self,0.0
8423,保綠-KY,2020-06-08,0.0,Foreign_Investor,2000.0
8423,保綠-KY,2020-06-08,0.0,Investment_Trust,0.0
8423,保綠-KY,2020-06-22,0.0,Dealer_Hedging,0.0
8423,保綠-KY,2020-06-22,0.0,Dealer_self,0.0
8423,保綠-KY,2020-06-22,0.0,Foreign_Dealer_Self,0.0
8423,保綠-KY,2020-06-22,1000.0,Foreign_Investor,0.0
8423,保綠-KY,2020-06-22,0.0,Investment_Trust,0.0
8423,保綠-KY,2020-06-29,0.0,Dealer_Hedging,0.0
8423,保綠-KY,2020-06-29,0.0,Dealer_self,0.0
8423,保綠-KY,2020-06-29,0.0,Foreign_Dealer_Self,0.0
8423,保綠-KY,2020-06-29,5000.0,Foreign_Investor,0.0
8423,保綠-KY,2020-06-29,0.0,Investment_Trust,0.0
8423,保綠-KY,2020-07-09,0.0,Dealer_Hedging,0.0
8423,保綠-KY,2020-07-09,0.0,Dealer_self,0.0
8423,保綠-KY,2020-07-09,0.0,Foreign_Dealer_Self,0.0
8423,保綠-KY,2020-07-09,1000.0,Foreign_Investor,0.0
8423,保綠-KY,2020-07-09,0.0,Investment_Trust,0.0
8423,保綠-KY,2020-07-13,0.0,Dealer_Hedging,0.0
8423,保綠-KY,2020-07-13,0.0,Dealer_self,0.0
8423,保綠-KY,2020-07-13,0.0,Foreign_Dealer_Self,0.0
8423,保綠-KY,2020-07-13,0.0,Foreign_Investor,2000.0
8423,保綠-KY,2020-07-13,0.0,Investment_Trust,0.0
8423,保綠-KY,2020-08-18,0.0,Dealer_Hedging,0.0
8423,保綠-KY,2020-08-18,0.0,Dealer_self,0.0
8423,保綠-KY,2020-08-18,0.0,Foreign_Dealer_Self,0.0
8423,保綠-KY,2020-08-18,1000.0,Foreign_Investor,0.0
8423,保綠-KY,2020-08-18,0.0,Investment_Trust,0.0
8423,保綠-KY,2020-12-17,0.0,Foreign_Investor,240.0
8423,保綠-KY,2020-12-17,0.0,Foreign_Dealer_Self,0.0
8423,保綠-KY,2020-12-17,0.0,Investment_Trust,0.0
8423,保綠-KY,2020-12-17,0.0,Dealer_self,0.0
8423,保綠-KY,2020-12-17,0.0,Dealer_Hedging,0.0
8423,保綠-KY,2021-01-05,0.0,Foreign_Investor,0.0
8423,保綠-KY,2021-01-05,0.0,Foreign_Dealer_Self,0.0
8423,保綠-KY,2021-01-05,0.0,Investment_Trust,0.0
8423,保綠-KY,2021-01-05,100.0,Dealer_self,0.0
8423,保綠-KY,2021-01-05,0.0,Dealer_Hedging,0.0
8423,保綠-KY,2021-01-11,0.0,Foreign_Investor,0.0
8423,保綠-KY,2021-01-11,0.0,Foreign_Dealer_Self,0.0
8423,保綠-KY,2021-01-11,0.0,Investment_Trust,0.0
8423,保綠-KY,2021-01-11,300.0,Dealer_self,29.0
8423,保綠-KY,2021-01-11,0.0,Dealer_Hedging,0.0
8423,保綠-KY,2021-01-12,0.0,Foreign_Investor,0.0
8423,保綠-KY,2021-01-12,0.0,Foreign_Dealer_Self,0.0
8423,保綠-KY,2021-01-12,0.0,Investment_Trust,0.0
8423,保綠-KY,2021-01-12,0.0,Dealer_self,301.0
8423,保綠-KY,2021-01-12,0.0,Dealer_Hedging,0.0
8423,保綠-KY,2021-01-13,0.0,Foreign_Investor,0.0
8423,保綠-KY,2021-01-13,0.0,Foreign_Dealer_Self,0.0
8423,保綠-KY,2021-01-13,0.0,Investment_Trust,0.0
8423,保綠-KY,2021-01-13,0.0,Dealer_self,70.0
8423,保綠-KY,2021-01-13,0.0,Dealer_Hedging,0.0
8423,保綠-KY,2021-03-17,0.0,Foreign_Investor,1000.0
8423,保綠-KY,2021-03-17,0.0,Foreign_Dealer_Self,0.0
8423,保綠-KY,2021-03-17,0.0,Investment_Trust,0.0
8423,保綠-KY,2021-03-17,0.0,Dealer_self,0.0
8423,保綠-KY,2021-03-17,0.0,Dealer_Hedging,0.0
8423,保綠-KY,2021-04-13,0.0,Foreign_Investor,3000.0
8423,保綠-KY,2021-04-13,0.0,Foreign_Dealer_Self,0.0
8423,保綠-KY,2021-04-13,0.0,Investment_Trust,0.0
8423,保綠-KY,2021-04-13,0.0,Dealer_self,0.0
8423,保綠-KY,2021-04-13,0.0,Dealer_Hedging,0.0
8423,保綠-KY,2021-04-14,0.0,Foreign_Investor,0.0
8423,保綠-KY,2021-04-14,0.0,Foreign_Dealer_Self,0.0
8423,保綠-KY,2021-04-14,0.0,Investment_Trust,0.0
8423,保綠-KY,2021-04-14,1000.0,Dealer_self,0.0
8423,保綠-KY,2021-04-14,0.0,Dealer_Hedging,0.0
