date,stock_id,type,value,origin_name
2012-03-31,1325,AccountsPayable,10886000.0,應付帳款增加(減少)
2012-03-31,1325,AmortizationExpense,87000.0,攤銷費用
2012-03-31,1325,CashBalancesBeginningOfPeriod,106281000.0,期初現金及約當現金餘額
2012-03-31,1325,CashBalancesEndOfPeriod,136199000.0,期末現金及約當現金餘額
2012-03-31,1325,CashBalancesIncrease,29918000.0,本期現金及約當現金增加（減少）數
2012-03-31,1325,CashFlowsFromOperatingActivities,56190000.0,營業活動之淨現金流入（流出）
2012-03-31,1325,CashFlowsProvidedFromFinancingActivities,1117000.0,籌資活動之淨現金流入（流出）
2012-03-31,1325,CashProvidedByInvestingActivities,23872000.0,投資活動之淨現金流入(流出)
2012-03-31,1325,CashReceivedThroughOperations,55551000.0,營運產生之現金流入（流出）
2012-03-31,1325,DecreaseInDepositDeposit,46000.0,存出保證金減少
2012-03-31,1325,DecreaseInShortTermLoans,1112000.0,短期借款減少
2012-03-31,1325,Depreciation,19099000.0,折舊費用
2012-03-31,1325,IncomeBeforeIncomeTaxFromContinuingOperations,26534000.0,繼續營業單位稅前淨利（淨損）
2012-03-31,1325,InterestExpense,211000.0,利息費用
2012-03-31,1325,InterestIncome,818000.0,利息收入
2012-03-31,1325,InventoryIncrease,2711000.0,存貨(增加)減少
2012-03-31,1325,NetIncomeBeforeTax,26534000.0,本期稅前淨利（淨損）
2012-03-31,1325,OtherNonCurrentLiabilitiesIncrease,6719000.0,其他流動資產(增加)減少
2012-03-31,1325,PayTheInterest,165000.0,支付之利息
2012-03-31,1325,PropertyAndPlantAndEquipment,8318000.0,取得不動產、廠房及設備
2012-03-31,1325,ReceivableIncrease,30098000.0,應收帳款(增加)減少
2012-03-31,1325,TotalIncomeLossItems,17404000.0,收益費損項目合計
2012-06-30,1325,AccountsPayable,2565000.0,應付帳款增加(減少)
2012-06-30,1325,AmortizationExpense,166000.0,攤銷費用
2012-06-30,1325,CashBalancesBeginningOfPeriod,106281000.0,期初現金及約當現金餘額
2012-06-30,1325,CashBalancesEndOfPeriod,166144000.0,期末現金及約當現金餘額
2012-06-30,1325,CashBalancesIncrease,59863000.0,本期現金及約當現金增加（減少）數
2012-06-30,1325,CashFlowsFromOperatingActivities,105438000.0,營業活動之淨現金流入（流出）
2012-06-30,1325,CashFlowsProvidedFromFinancingActivities,578000.0,籌資活動之淨現金流入（流出）
2012-06-30,1325,CashProvidedByInvestingActivities,44125000.0,投資活動之淨現金流入(流出)
2012-06-30,1325,CashReceivedThroughOperations,122284000.0,營運產生之現金流入（流出）
2012-06-30,1325,DecreaseInDepositDeposit,45000.0,存出保證金減少
2012-06-30,1325,DecreaseInShortTermLoans,574000.0,短期借款減少
2012-06-30,1325,Depreciation,38614000.0,折舊費用
2012-06-30,1325,IncomeBeforeIncomeTaxFromContinuingOperations,42794000.0,繼續營業單位稅前淨利（淨損）
2012-06-30,1325,InterestExpense,405000.0,利息費用
2012-06-30,1325,InterestIncome,2097000.0,利息收入
2012-06-30,1325,InventoryIncrease,14834000.0,存貨(增加)減少
2012-06-30,1325,NetIncomeBeforeTax,42794000.0,本期稅前淨利（淨損）
2012-06-30,1325,OtherNonCurrentLiabilitiesIncrease,12769000.0,其他流動資產(增加)減少
2012-06-30,1325,PayTheInterest,327000.0,支付之利息
2012-06-30,1325,PropertyAndPlantAndEquipment,11653000.0,取得不動產、廠房及設備
2012-06-30,1325,ReceivableIncrease,19257000.0,應收帳款(增加)減少
2012-06-30,1325,TotalIncomeLossItems,36542000.0,收益費損項目合計
2012-09-30,1325,AccountsPayable,21850000.0,應付帳款增加(減少)
2012-09-30,1325,AmortizationExpense,238000.0,攤銷費用
2012-09-30,1325,CashBalancesBeginningOfPeriod,106281000.0,期初現金及約當現金餘額
2012-09-30,1325,CashBalancesEndOfPeriod,117279000.0,期末現金及約當現金餘額
2012-09-30,1325,CashBalancesIncrease,10998000.0,本期現金及約當現金增加（減少）數
2012-09-30,1325,CashFlowsFromOperatingActivities,166747000.0,營業活動之淨現金流入（流出）
2012-09-30,1325,CashFlowsProvidedFromFinancingActivities,99030000.0,籌資活動之淨現金流入（流出）
2012-09-30,1325,CashProvidedByInvestingActivities,54567000.0,投資活動之淨現金流入(流出)
2012-09-30,1325,CashReceivedThroughOperations,194796000.0,營運產生之現金流入（流出）
2012-09-30,1325,DecreaseInDepositDeposit,112000.0,存出保證金減少
2012-09-30,1325,DecreaseInShortTermLoans,29253000.0,短期借款減少
2012-09-30,1325,Depreciation,57056000.0,折舊費用
2012-09-30,1325,IncomeBeforeIncomeTaxFromContinuingOperations,66722000.0,繼續營業單位稅前淨利（淨損）
2012-09-30,1325,InterestExpense,574000.0,利息費用
2012-09-30,1325,InterestIncome,3354000.0,利息收入
2012-09-30,1325,InventoryIncrease,15136000.0,存貨(增加)減少
2012-09-30,1325,NetIncomeBeforeTax,66722000.0,本期稅前淨利（淨損）
2012-09-30,1325,OtherNonCurrentLiabilitiesIncrease,15322000.0,其他流動資產(增加)減少
2012-09-30,1325,PayTheInterest,652000.0,支付之利息
2012-09-30,1325,PropertyAndPlantAndEquipment,21919000.0,取得不動產、廠房及設備
2012-09-30,1325,ReceivableIncrease,23730000.0,應收帳款(增加)減少
2012-09-30,1325,TotalIncomeLossItems,54339000.0,收益費損項目合計
2012-12-31,1325,AccountsPayable,21085000.0,應付帳款增加(減少)
2012-12-31,1325,AmortizationExpense,287000.0,攤銷費用
2012-12-31,1325,CashBalancesBeginningOfPeriod,106281000.0,期初現金及約當現金餘額
2012-12-31,1325,CashBalancesEndOfPeriod,120352000.0,期末現金及約當現金餘額
2012-12-31,1325,CashBalancesIncrease,14071000.0,本期現金及約當現金增加（減少）數
2012-12-31,1325,CashFlowsFromOperatingActivities,171651000.0,營業活動之淨現金流入(流出)
2012-12-31,1325,CashFlowsProvidedFromFinancingActivities,92385000.0,籌資活動之淨現金流入（流出）
2012-12-31,1325,CashProvidedByInvestingActivities,63029000.0,投資活動之淨現金流入（流出）
2012-12-31,1325,CashReceivedThroughOperations,198433000.0,營運產生之現金流入（流出）
2012-12-31,1325,DecreaseInDepositDeposit,112000.0,存出保證金減少
2012-12-31,1325,DecreaseInShortTermLoans,22608000.0,短期借款減少
2012-12-31,1325,Depreciation,75231000.0,折舊費用
2012-12-31,1325,IncomeBeforeIncomeTaxFromContinuingOperations,93310000.0,繼續營業單位稅前淨利（淨損）
2012-12-31,1325,InterestExpense,645000.0,利息費用
2012-12-31,1325,InterestIncome,4656000.0,利息收入
2012-12-31,1325,InventoryIncrease,23045000.0,存貨(增加)減少
2012-12-31,1325,NetIncomeBeforeTax,93310000.0,本期稅前淨利（淨損）
2012-12-31,1325,OtherNonCurrentLiabilitiesIncrease,9257000.0,其他流動資產(增加)減少
2012-12-31,1325,PayTheInterest,663000.0,支付之利息
2012-12-31,1325,ProceedsFromLongTermDebt,0.0,舉借長期借款
2012-12-31,1325,PropertyAndPlantAndEquipment,26783000.0,取得不動產、廠房及設備
2012-12-31,1325,ReceivableIncrease,9118000.0,應收帳款(增加)減少
2012-12-31,1325,TotalIncomeLossItems,69641000.0,收益費損項目合計
2013-03-31,1325,AccountsPayable,17407000.0,應付帳款增加(減少)
2013-03-31,1325,AmortizationExpense,40000.0,攤銷費用
2013-03-31,1325,CashBalancesBeginningOfPeriod,120352000.0,期初現金及約當現金餘額
2013-03-31,1325,CashBalancesEndOfPeriod,93284000.0,期末現金及約當現金餘額
2013-03-31,1325,CashBalancesIncrease,27068000.0,本期現金及約當現金增加（減少）數
2013-03-31,1325,CashFlowsFromOperatingActivities,18405000.0,營業活動之淨現金流入(流出)
2013-03-31,1325,CashFlowsProvidedFromFinancingActivities,6379000.0,籌資活動之淨現金流入（流出）
2013-03-31,1325,CashProvidedByInvestingActivities,40739000.0,投資活動之淨現金流入(流出)
2013-03-31,1325,CashReceivedThroughOperations,15887000.0,營運產生之現金流入（流出）
2013-03-31,1325,DecreaseInDepositDeposit,1000.0,存出保證金減少
2013-03-31,1325,DecreaseInShortTermLoans,6379000.0,短期借款減少
2013-03-31,1325,Depreciation,18232000.0,折舊費用
2013-03-31,1325,IncomeBeforeIncomeTaxFromContinuingOperations,29758000.0,繼續營業單位稅前淨利（淨損）
2013-03-31,1325,InterestExpense,63000.0,利息費用
2013-03-31,1325,InterestIncome,1632000.0,利息收入
2013-03-31,1325,InventoryIncrease,13404000.0,存貨(增加)減少
2013-03-31,1325,NetIncomeBeforeTax,29758000.0,本期稅前淨利（淨損）
2013-03-31,1325,OtherNonCurrentLiabilitiesIncrease,4640000.0,其他流動資產(增加)減少
2013-03-31,1325,PayTheInterest,128000.0,支付之利息
2013-03-31,1325,PropertyAndPlantAndEquipment,3498000.0,取得不動產、廠房及設備
2013-03-31,1325,ReceivableIncrease,19513000.0,應收帳款(增加)減少
2013-03-31,1325,TotalIncomeLossItems,14045000.0,收益費損項目合計
2013-06-30,1325,AccountsPayable,17596000.0,應付帳款增加(減少)
2013-06-30,1325,AmortizationExpense,80000.0,攤銷費用
2013-06-30,1325,CashBalancesBeginningOfPeriod,120352000.0,期初現金及約當現金餘額
2013-06-30,1325,CashBalancesEndOfPeriod,91815000.0,期末現金及約當現金餘額
2013-06-30,1325,CashBalancesIncrease,28537000.0,本期現金及約當現金增加（減少）數
2013-06-30,1325,CashFlowsFromOperatingActivities,56221000.0,營業活動之淨現金流入(流出)
2013-06-30,1325,CashFlowsProvidedFromFinancingActivities,21292000.0,籌資活動之淨現金流入（流出）
2013-06-30,1325,CashProvidedByInvestingActivities,54501000.0,投資活動之淨現金流入(流出)
2013-06-30,1325,CashReceivedThroughOperations,61088000.0,營運產生之現金流入（流出）
2013-06-30,1325,DecreaseInDepositDeposit,2000.0,存出保證金減少
2013-06-30,1325,DecreaseInShortTermLoans,21292000.0,短期借款減少
2013-06-30,1325,Depreciation,36436000.0,折舊費用
2013-06-30,1325,IncomeBeforeIncomeTaxFromContinuingOperations,50517000.0,繼續營業單位稅前淨利（淨損）
2013-06-30,1325,InterestExpense,125000.0,利息費用
2013-06-30,1325,InterestIncome,3800000.0,利息收入
2013-06-30,1325,InventoryIncrease,2211000.0,存貨(增加)減少
2013-06-30,1325,NetIncomeBeforeTax,50517000.0,本期稅前淨利（淨損）
2013-06-30,1325,OtherNonCurrentLiabilitiesIncrease,9030000.0,其他流動資產(增加)減少
2013-06-30,1325,PayTheInterest,197000.0,支付之利息
2013-06-30,1325,PropertyAndPlantAndEquipment,9599000.0,取得不動產、廠房及設備
2013-06-30,1325,ReceivableIncrease,6623000.0,應收帳款(增加)減少
2013-06-30,1325,TotalIncomeLossItems,27109000.0,收益費損項目合計
2013-09-30,1325,AccountsPayable,10080000.0,應付帳款增加(減少)
2013-09-30,1325,AmortizationExpense,121000.0,攤銷費用
2013-09-30,1325,CashBalancesBeginningOfPeriod,120352000.0,期初現金及約當現金餘額
2013-09-30,1325,CashBalancesEndOfPeriod,184070000.0,期末現金及約當現金餘額
2013-09-30,1325,CashBalancesIncrease,63718000.0,本期現金及約當現金增加（減少）數
2013-09-30,1325,CashFlowsFromOperatingActivities,63146000.0,營業活動之淨現金流入（流出）
2013-09-30,1325,CashFlowsProvidedFromFinancingActivities,70677000.0,籌資活動之淨現金流入（流出）
2013-09-30,1325,CashProvidedByInvestingActivities,68784000.0,投資活動之淨現金流入(流出)
2013-09-30,1325,CashReceivedThroughOperations,75966000.0,營運產生之現金流入（流出）
2013-09-30,1325,DecreaseInDepositDeposit,50000.0,存出保證金減少
2013-09-30,1325,DecreaseInShortTermLoans,21292000.0,短期借款減少
2013-09-30,1325,Depreciation,53825000.0,折舊費用
2013-09-30,1325,IncomeBeforeIncomeTaxFromContinuingOperations,62942000.0,繼續營業單位稅前淨利（淨損）
2013-09-30,1325,InterestExpense,132000.0,利息費用
2013-09-30,1325,InterestIncome,6288000.0,利息收入
2013-09-30,1325,InventoryIncrease,27181000.0,存貨(增加)減少
2013-09-30,1325,NetIncomeBeforeTax,62942000.0,本期稅前淨利（淨損）
2013-09-30,1325,OtherNonCurrentLiabilitiesIncrease,11553000.0,其他流動資產(增加)減少
2013-09-30,1325,PayTheInterest,204000.0,支付之利息
2013-09-30,1325,PropertyAndPlantAndEquipment,19484000.0,取得不動產、廠房及設備
2013-09-30,1325,ReceivableIncrease,9288000.0,應收帳款(增加)減少
2013-09-30,1325,TotalIncomeLossItems,45314000.0,收益費損項目合計
2013-12-31,1325,AccountsPayable,22969000.0,應付帳款增加(減少)
2013-12-31,1325,AmortizationExpense,160000.0,攤銷費用
2013-12-31,1325,CashBalancesBeginningOfPeriod,120352000.0,期初現金及約當現金餘額
2013-12-31,1325,CashBalancesEndOfPeriod,198686000.0,期末現金及約當現金餘額
2013-12-31,1325,CashBalancesIncrease,78334000.0,本期現金及約當現金增加（減少）數
2013-12-31,1325,CashFlowsFromOperatingActivities,88416000.0,營業活動之淨現金流入(流出)
2013-12-31,1325,CashFlowsProvidedFromFinancingActivities,67398000.0,籌資活動之淨現金流入（流出）
2013-12-31,1325,CashProvidedByInvestingActivities,53869000.0,投資活動之淨現金流入(流出)
2013-12-31,1325,CashReceivedThroughOperations,98665000.0,營運產生之現金流入（流出）
2013-12-31,1325,DecreaseInDepositDeposit,49000.0,存出保證金減少
2013-12-31,1325,DecreaseInShortTermLoans,21292000.0,短期借款減少
2013-12-31,1325,Depreciation,71988000.0,折舊費用
2013-12-31,1325,IncomeBeforeIncomeTaxFromContinuingOperations,88601000.0,繼續營業單位稅前淨利（淨損）
2013-12-31,1325,InterestExpense,159000.0,利息費用
2013-12-31,1325,InterestIncome,9069000.0,利息收入
2013-12-31,1325,InventoryIncrease,43086000.0,存貨(增加)減少
2013-12-31,1325,NetIncomeBeforeTax,88601000.0,本期稅前淨利（淨損）
2013-12-31,1325,OtherNonCurrentLiabilitiesIncrease,12209000.0,其他流動資產(增加)減少
2013-12-31,1325,PayTheInterest,226000.0,支付之利息
2013-12-31,1325,ProceedsFromLongTermDebt,3279000.0,舉借長期借款
2013-12-31,1325,PropertyAndPlantAndEquipment,34180000.0,取得不動產、廠房及設備
2013-12-31,1325,ReceivableIncrease,25528000.0,應收帳款（增加）減少
2013-12-31,1325,RepaymentOfLongTermDebt,0.0,償還長期借款
2013-12-31,1325,TotalIncomeLossItems,55691000.0,收益費損項目合計
2014-03-31,1325,AccountsPayable,38183000.0,應付帳款增加(減少)
2014-03-31,1325,AmortizationExpense,40000.0,攤銷費用
2014-03-31,1325,CashBalancesBeginningOfPeriod,198686000.0,期初現金及約當現金餘額
2014-03-31,1325,CashBalancesEndOfPeriod,299117000.0,期末現金及約當現金餘額
2014-03-31,1325,CashBalancesIncrease,100431000.0,本期現金及約當現金增加（減少）數
2014-03-31,1325,CashFlowsFromOperatingActivities,55150000.0,營業活動之淨現金流入（流出）
2014-03-31,1325,CashFlowsProvidedFromFinancingActivities,0.0,籌資活動之淨現金流入（流出）
2014-03-31,1325,CashProvidedByInvestingActivities,44421000.0,投資活動之淨現金流入(流出)
2014-03-31,1325,CashReceivedThroughOperations,49867000.0,營運產生之現金流入（流出）
2014-03-31,1325,DecreaseInShortTermLoans,0.0,短期借款減少
2014-03-31,1325,Depreciation,17556000.0,折舊費用
2014-03-31,1325,IncomeBeforeIncomeTaxFromContinuingOperations,25233000.0,繼續營業單位稅前淨利（淨損）
2014-03-31,1325,InterestExpense,32000.0,利息費用
2014-03-31,1325,InterestIncome,3233000.0,利息收入
2014-03-31,1325,InventoryIncrease,17166000.0,存貨(增加)減少
2014-03-31,1325,NetIncomeBeforeTax,25233000.0,本期稅前淨利（淨損）
2014-03-31,1325,OtherNonCurrentLiabilitiesIncrease,6705000.0,其他流動資產(增加)減少
2014-03-31,1325,PayTheInterest,34000.0,支付之利息
2014-03-31,1325,PropertyAndPlantAndEquipment,10727000.0,取得不動產、廠房及設備
2014-03-31,1325,ReceivableIncrease,31921000.0,應收帳款(增加)減少
2014-03-31,1325,RepaymentOfLongTermDebt,0.0,償還長期借款
2014-03-31,1325,TotalIncomeLossItems,16189000.0,收益費損項目合計
2014-06-30,1325,AccountsPayable,32607000.0,應付帳款增加(減少)
2014-06-30,1325,AmortizationExpense,80000.0,攤銷費用
2014-06-30,1325,CashBalancesBeginningOfPeriod,198686000.0,期初現金及約當現金餘額
2014-06-30,1325,CashBalancesEndOfPeriod,310055000.0,期末現金及約當現金餘額
2014-06-30,1325,CashBalancesIncrease,111369000.0,本期現金及約當現金增加（減少）數
2014-06-30,1325,CashFlowsFromOperatingActivities,89247000.0,營業活動之淨現金流入（流出）
2014-06-30,1325,CashFlowsProvidedFromFinancingActivities,0.0,籌資活動之淨現金流入（流出）
2014-06-30,1325,CashProvidedByInvestingActivities,22428000.0,投資活動之淨現金流入(流出)
2014-06-30,1325,CashReceivedThroughOperations,87766000.0,營運產生之現金流入（流出）
2014-06-30,1325,DecreaseInShortTermLoans,0.0,短期借款減少
2014-06-30,1325,Depreciation,34969000.0,折舊費用
2014-06-30,1325,IncomeBeforeIncomeTaxFromContinuingOperations,22141000.0,繼續營業單位稅前淨利（淨損）
2014-06-30,1325,InterestExpense,56000.0,利息費用
2014-06-30,1325,InterestIncome,6775000.0,利息收入
2014-06-30,1325,InventoryIncrease,16323000.0,存貨(增加)減少
2014-06-30,1325,NetIncomeBeforeTax,22141000.0,本期稅前淨利（淨損）
2014-06-30,1325,OtherNonCurrentLiabilitiesIncrease,4401000.0,其他流動資產(增加)減少
2014-06-30,1325,PayTheInterest,43000.0,支付之利息
2014-06-30,1325,PropertyAndPlantAndEquipment,34820000.0,取得不動產、廠房及設備
2014-06-30,1325,ReceivableIncrease,52064000.0,應收帳款(增加)減少
2014-06-30,1325,RepaymentOfLongTermDebt,0.0,償還長期借款
2014-06-30,1325,TotalIncomeLossItems,35434000.0,收益費損項目合計
2014-09-30,1325,AccountsPayable,21471000.0,應付帳款增加(減少)
2014-09-30,1325,AmortizationExpense,120000.0,攤銷費用
2014-09-30,1325,CashBalancesBeginningOfPeriod,198686000.0,期初現金及約當現金餘額
2014-09-30,1325,CashBalancesEndOfPeriod,412282000.0,期末現金及約當現金餘額
2014-09-30,1325,CashBalancesIncrease,213596000.0,本期現金及約當現金增加（減少）數
2014-09-30,1325,CashFlowsFromOperatingActivities,116542000.0,營業活動之淨現金流入（流出）
2014-09-30,1325,CashFlowsProvidedFromFinancingActivities,65854000.0,籌資活動之淨現金流入（流出）
2014-09-30,1325,CashProvidedByInvestingActivities,162308000.0,投資活動之淨現金流入(流出)
2014-09-30,1325,CashReceivedThroughOperations,118253000.0,營運產生之現金流入（流出）
2014-09-30,1325,DecreaseInDepositDeposit,0.0,存出保證金減少
2014-09-30,1325,DecreaseInShortTermLoans,0.0,短期借款減少
2014-09-30,1325,Depreciation,51960000.0,折舊費用
2014-09-30,1325,IncomeBeforeIncomeTaxFromContinuingOperations,34968000.0,繼續營業單位稅前淨利（淨損）
2014-09-30,1325,InterestExpense,82000.0,利息費用
2014-09-30,1325,InterestIncome,10432000.0,利息收入
2014-09-30,1325,InventoryIncrease,175000.0,存貨(增加)減少
2014-09-30,1325,NetIncomeBeforeTax,34968000.0,本期稅前淨利（淨損）
2014-09-30,1325,OtherNonCurrentLiabilitiesIncrease,7242000.0,其他流動資產(增加)減少
2014-09-30,1325,PayTheInterest,85000.0,支付之利息
2014-09-30,1325,PropertyAndPlantAndEquipment,43047000.0,取得不動產、廠房及設備
2014-09-30,1325,ReceivableIncrease,49034000.0,應收帳款(增加)減少
2014-09-30,1325,RepaymentOfLongTermDebt,0.0,償還長期借款
2014-09-30,1325,TotalIncomeLossItems,44092000.0,收益費損項目合計
2014-12-31,1325,AccountsPayable,52173000.0,應付帳款增加(減少)
2014-12-31,1325,AmortizationExpense,161000.0,攤銷費用
2014-12-31,1325,CashBalancesBeginningOfPeriod,198686000.0,期初現金及約當現金餘額
2014-12-31,1325,CashBalancesEndOfPeriod,237629000.0,期末現金及約當現金餘額
2014-12-31,1325,CashBalancesIncrease,38943000.0,本期現金及約當現金增加（減少）數
2014-12-31,1325,CashFlowsFromOperatingActivities,83068000.0,營業活動之淨現金流入（流出）
2014-12-31,1325,CashFlowsProvidedFromFinancingActivities,76195000.0,籌資活動之淨現金流入（流出）
2014-12-31,1325,CashProvidedByInvestingActivities,29733000.0,投資活動之淨現金流入(流出)
2014-12-31,1325,CashReceivedThroughOperations,80442000.0,營運產生之現金流入（流出）
2014-12-31,1325,DecreaseInDepositDeposit,0.0,存出保證金減少
2014-12-31,1325,DecreaseInShortTermLoans,0.0,短期借款減少
2014-12-31,1325,Depreciation,69935000.0,折舊費用
2014-12-31,1325,IncomeBeforeIncomeTaxFromContinuingOperations,71248000.0,繼續營業單位稅前淨利（淨損）
2014-12-31,1325,InterestExpense,111000.0,利息費用
2014-12-31,1325,InterestIncome,13612000.0,利息收入
2014-12-31,1325,InventoryIncrease,13675000.0,存貨(增加)減少
2014-12-31,1325,NetIncomeBeforeTax,71248000.0,本期稅前淨利（淨損）
2014-12-31,1325,OtherNonCurrentLiabilitiesIncrease,4324000.0,其他流動資產(增加)減少
2014-12-31,1325,PayTheInterest,100000.0,支付之利息
2014-12-31,1325,ProceedsFromLongTermDebt,0.0,舉借長期借款
2014-12-31,1325,PropertyAndPlantAndEquipment,55156000.0,取得不動產、廠房及設備
2014-12-31,1325,ReceivableIncrease,14428000.0,應收帳款(增加)減少
2014-12-31,1325,RepaymentOfLongTermDebt,187000.0,償還長期借款
2014-12-31,1325,TotalIncomeLossItems,48098000.0,收益費損項目合計
2015-03-31,1325,AccountsPayable,6516000.0,應付帳款增加(減少)
2015-03-31,1325,AmortizationExpense,42000.0,攤銷費用
2015-03-31,1325,CashBalancesBeginningOfPeriod,237629000.0,期初現金及約當現金餘額
2015-03-31,1325,CashBalancesEndOfPeriod,378294000.0,期末現金及約當現金餘額
2015-03-31,1325,CashBalancesIncrease,140665000.0,本期現金及約當現金增加（減少）數
2015-03-31,1325,CashFlowsFromOperatingActivities,104376000.0,營業活動之淨現金流入（流出）
2015-03-31,1325,CashFlowsProvidedFromFinancingActivities,5714000.0,籌資活動之淨現金流入（流出）
2015-03-31,1325,CashProvidedByInvestingActivities,31180000.0,投資活動之淨現金流入(流出)
2015-03-31,1325,CashReceivedThroughOperations,101647000.0,營運產生之現金流入（流出）
2015-03-31,1325,Depreciation,18180000.0,折舊費用
2015-03-31,1325,IncomeBeforeIncomeTaxFromContinuingOperations,22140000.0,繼續營業單位稅前淨利（淨損）
2015-03-31,1325,InterestExpense,19000.0,利息費用
2015-03-31,1325,InterestIncome,2874000.0,利息收入
2015-03-31,1325,InventoryIncrease,4723000.0,存貨（增加）減少
2015-03-31,1325,NetIncomeBeforeTax,22140000.0,本期稅前淨利（淨損）
2015-03-31,1325,OtherNonCurrentLiabilitiesIncrease,3576000.0,其他流動資產(增加)減少
2015-03-31,1325,PayTheInterest,21000.0,支付之利息
2015-03-31,1325,PropertyAndPlantAndEquipment,13000000.0,取得不動產、廠房及設備
2015-03-31,1325,ReceivableIncrease,49352000.0,應收帳款（增加）減少
2015-03-31,1325,RepaymentOfLongTermDebt,192000.0,償還長期借款
2015-03-31,1325,TotalIncomeLossItems,25576000.0,收益費損項目合計
2015-06-30,1325,AccountsPayable,10842000.0,應付帳款增加(減少)
2015-06-30,1325,AmortizationExpense,69000.0,攤銷費用
2015-06-30,1325,CashBalancesBeginningOfPeriod,237629000.0,期初現金及約當現金餘額
2015-06-30,1325,CashBalancesEndOfPeriod,487787000.0,期末現金及約當現金餘額
2015-06-30,1325,CashBalancesIncrease,250158000.0,本期現金及約當現金增加（減少）數
2015-06-30,1325,CashFlowsFromOperatingActivities,136428000.0,營業活動之淨現金流入（流出）
2015-06-30,1325,CashFlowsProvidedFromFinancingActivities,405000.0,籌資活動之淨現金流入（流出）
2015-06-30,1325,CashProvidedByInvestingActivities,115142000.0,投資活動之淨現金流入(流出)
2015-06-30,1325,CashReceivedThroughOperations,133228000.0,營運產生之現金流入（流出）
2015-06-30,1325,Depreciation,35952000.0,折舊費用
2015-06-30,1325,IncomeBeforeIncomeTaxFromContinuingOperations,43885000.0,繼續營業單位稅前淨利（淨損）
2015-06-30,1325,InterestExpense,35000.0,利息費用
2015-06-30,1325,InterestIncome,5976000.0,利息收入
2015-06-30,1325,InventoryIncrease,294000.0,存貨(增加)減少
2015-06-30,1325,NetIncomeBeforeTax,43885000.0,本期稅前淨利（淨損）
2015-06-30,1325,OtherNonCurrentLiabilitiesIncrease,7107000.0,其他流動資產(增加)減少
2015-06-30,1325,PayTheInterest,38000.0,支付之利息
2015-06-30,1325,PropertyAndPlantAndEquipment,19885000.0,取得不動產、廠房及設備
2015-06-30,1325,ReceivableIncrease,46724000.0,應收帳款(增加)減少
2015-06-30,1325,RepaymentOfLongTermDebt,405000.0,償還長期借款
2015-06-30,1325,TotalIncomeLossItems,45283000.0,收益費損項目合計
2015-09-30,1325,AccountsPayable,3543000.0,應付帳款增加(減少)
2015-09-30,1325,AmortizationExpense,80000.0,攤銷費用
2015-09-30,1325,CashBalancesBeginningOfPeriod,237629000.0,期初現金及約當現金餘額
2015-09-30,1325,CashBalancesEndOfPeriod,341184000.0,期末現金及約當現金餘額
2015-09-30,1325,CashBalancesIncrease,103555000.0,本期現金及約當現金增加（減少）數
2015-09-30,1325,CashFlowsFromOperatingActivities,233652000.0,營業活動之淨現金流入（流出）
2015-09-30,1325,CashFlowsProvidedFromFinancingActivities,50265000.0,籌資活動之淨現金流入（流出）
2015-09-30,1325,CashProvidedByInvestingActivities,80063000.0,投資活動之淨現金流入(流出)
2015-09-30,1325,CashReceivedThroughOperations,233172000.0,營運產生之現金流入（流出）
2015-09-30,1325,Depreciation,54112000.0,折舊費用
2015-09-30,1325,IncomeBeforeIncomeTaxFromContinuingOperations,87004000.0,繼續營業單位稅前淨利（淨損）
2015-09-30,1325,InterestExpense,39000.0,利息費用
2015-09-30,1325,InterestIncome,8416000.0,利息收入
2015-09-30,1325,InventoryIncrease,16683000.0,存貨(增加)減少
2015-09-30,1325,NetIncomeBeforeTax,87004000.0,本期稅前淨利（淨損）
2015-09-30,1325,OtherNonCurrentLiabilitiesIncrease,9248000.0,其他流動資產(增加)減少
2015-09-30,1325,PayTheInterest,54000.0,支付之利息
2015-09-30,1325,PropertyAndPlantAndEquipment,24780000.0,取得不動產、廠房及設備
2015-09-30,1325,ReceivableIncrease,71806000.0,應收帳款(增加)減少
2015-09-30,1325,RepaymentOfLongTermDebt,711000.0,償還長期借款
2015-09-30,1325,TotalIncomeLossItems,52299000.0,收益費損項目合計
2015-12-31,1325,AccountsPayable,18933000.0,應付帳款增加(減少)
2015-12-31,1325,AmortizationExpense,91000.0,攤銷費用
2015-12-31,1325,CashBalancesBeginningOfPeriod,237629000.0,期初現金及約當現金餘額
2015-12-31,1325,CashBalancesEndOfPeriod,152665000.0,期末現金及約當現金餘額
2015-12-31,1325,CashBalancesIncrease,84964000.0,本期現金及約當現金增加（減少）數
2015-12-31,1325,CashFlowsFromOperatingActivities,288662000.0,營業活動之淨現金流入（流出）
2015-12-31,1325,CashFlowsProvidedFromFinancingActivities,52788000.0,籌資活動之淨現金流入（流出）
2015-12-31,1325,CashProvidedByInvestingActivities,319735000.0,投資活動之淨現金流入(流出)
2015-12-31,1325,CashReceivedThroughOperations,286914000.0,營運產生之現金流入（流出）
2015-12-31,1325,Depreciation,71463000.0,折舊費用
2015-12-31,1325,IncomeBeforeIncomeTaxFromContinuingOperations,121485000.0,繼續營業單位稅前淨利（淨損）
2015-12-31,1325,InterestExpense,55000.0,利息費用
2015-12-31,1325,InterestIncome,10599000.0,利息收入
2015-12-31,1325,InventoryIncrease,40797000.0,存貨(增加)減少
2015-12-31,1325,NetIncomeBeforeTax,121485000.0,本期稅前淨利（淨損）
2015-12-31,1325,OtherNonCurrentLiabilitiesIncrease,4951000.0,其他流動資產(增加)減少
2015-12-31,1325,PayTheInterest,71000.0,支付之利息
2015-12-31,1325,PropertyAndPlantAndEquipment,30001000.0,取得不動產、廠房及設備
2015-12-31,1325,ReceivableIncrease,44821000.0,應收帳款(增加)減少
2015-12-31,1325,RepaymentOfLongTermDebt,3234000.0,償還長期借款
2015-12-31,1325,TotalIncomeLossItems,66223000.0,收益費損項目合計
2016-03-31,1325,AccountsPayable,31298000.0,應付帳款增加(減少)
2016-03-31,1325,AmortizationExpense,11000.0,攤銷費用
2016-03-31,1325,CashBalancesBeginningOfPeriod,152665000.0,期初現金及約當現金餘額
2016-03-31,1325,CashBalancesEndOfPeriod,62164000.0,期末現金及約當現金餘額
2016-03-31,1325,CashBalancesIncrease,90501000.0,本期現金及約當現金增加（減少）數
2016-03-31,1325,CashFlowsFromOperatingActivities,63763000.0,營業活動之淨現金流入（流出）
2016-03-31,1325,CashFlowsProvidedFromFinancingActivities,0.0,籌資活動之淨現金流入（流出）
2016-03-31,1325,CashProvidedByInvestingActivities,153237000.0,投資活動之淨現金流入(流出)
2016-03-31,1325,CashReceivedThroughOperations,63123000.0,營運產生之現金流入（流出）
2016-03-31,1325,Depreciation,16831000.0,折舊費用
2016-03-31,1325,IncomeBeforeIncomeTaxFromContinuingOperations,42213000.0,繼續營業單位稅前淨利（淨損）
2016-03-31,1325,InterestExpense,4000.0,利息費用
2016-03-31,1325,InterestIncome,1868000.0,利息收入
2016-03-31,1325,InventoryIncrease,12795000.0,存貨(增加)減少
2016-03-31,1325,NetIncomeBeforeTax,42213000.0,本期稅前淨利（淨損）
2016-03-31,1325,OtherNonCurrentLiabilitiesIncrease,8364000.0,其他流動資產(增加)減少
2016-03-31,1325,PayTheInterest,4000.0,支付之利息
2016-03-31,1325,PropertyAndPlantAndEquipment,4160000.0,取得不動產、廠房及設備
2016-03-31,1325,ReceivableIncrease,16972000.0,應收帳款(增加)減少
2016-03-31,1325,RepaymentOfLongTermDebt,0.0,償還長期借款
2016-03-31,1325,TotalIncomeLossItems,27094000.0,收益費損項目合計
2016-06-30,1325,AccountsPayable,15633000.0,應付帳款增加(減少)
2016-06-30,1325,AmortizationExpense,22000.0,攤銷費用
2016-06-30,1325,CashBalancesBeginningOfPeriod,152665000.0,期初現金及約當現金餘額
2016-06-30,1325,CashBalancesEndOfPeriod,114248000.0,期末現金及約當現金餘額
2016-06-30,1325,CashBalancesIncrease,38417000.0,本期現金及約當現金增加（減少）數
2016-06-30,1325,CashFlowsFromOperatingActivities,101642000.0,營業活動之淨現金流入(流出)
2016-06-30,1325,CashFlowsProvidedFromFinancingActivities,0.0,籌資活動之淨現金流入（流出）
2016-06-30,1325,CashProvidedByInvestingActivities,137418000.0,投資活動之淨現金流入(流出)
2016-06-30,1325,CashReceivedThroughOperations,114672000.0,營運產生之現金流入（流出）
2016-06-30,1325,DecreaseInDepositDeposit,0.0,存出保證金減少
2016-06-30,1325,Depreciation,33043000.0,折舊費用
2016-06-30,1325,IncomeBeforeIncomeTaxFromContinuingOperations,81781000.0,繼續營業單位稅前淨利（淨損）
2016-06-30,1325,InterestExpense,7000.0,利息費用
2016-06-30,1325,InterestIncome,3599000.0,利息收入
2016-06-30,1325,InventoryIncrease,3533000.0,存貨(增加)減少
2016-06-30,1325,NetIncomeBeforeTax,81781000.0,本期稅前淨利（淨損）
2016-06-30,1325,OtherNonCurrentLiabilitiesIncrease,6260000.0,其他流動資產(增加)減少
2016-06-30,1325,PayTheInterest,7000.0,支付之利息
2016-06-30,1325,PropertyAndPlantAndEquipment,11466000.0,取得不動產、廠房及設備
2016-06-30,1325,ReceivableIncrease,15396000.0,應收帳款(增加)減少
2016-06-30,1325,RepaymentOfLongTermDebt,0.0,償還長期借款
2016-06-30,1325,TotalIncomeLossItems,41923000.0,收益費損項目合計
2016-09-30,1325,AccountsPayable,31746000.0,應付帳款增加(減少)
2016-09-30,1325,AmortizationExpense,43000.0,攤銷費用
2016-09-30,1325,CashBalancesBeginningOfPeriod,152665000.0,期初現金及約當現金餘額
2016-09-30,1325,CashBalancesEndOfPeriod,111246000.0,期末現金及約當現金餘額
2016-09-30,1325,CashBalancesIncrease,41419000.0,本期現金及約當現金增加（減少）數
2016-09-30,1325,CashFlowsFromOperatingActivities,152476000.0,營業活動之淨現金流入（流出）
2016-09-30,1325,CashFlowsProvidedFromFinancingActivities,74516000.0,籌資活動之淨現金流入（流出）
2016-09-30,1325,CashProvidedByInvestingActivities,114041000.0,投資活動之淨現金流入(流出)
2016-09-30,1325,CashReceivedThroughOperations,174722000.0,營運產生之現金流入（流出）
2016-09-30,1325,DecreaseInDepositDeposit,0.0,存出保證金減少
2016-09-30,1325,Depreciation,49242000.0,折舊費用
2016-09-30,1325,IncomeBeforeIncomeTaxFromContinuingOperations,93486000.0,繼續營業單位稅前淨利（淨損）
2016-09-30,1325,InterestExpense,9000.0,利息費用
2016-09-30,1325,InterestIncome,5139000.0,利息收入
2016-09-30,1325,InventoryIncrease,22622000.0,存貨(增加)減少
2016-09-30,1325,NetIncomeBeforeTax,93486000.0,本期稅前淨利（淨損）
2016-09-30,1325,OtherNonCurrentLiabilitiesIncrease,7689000.0,其他流動資產(增加)減少
2016-09-30,1325,PayTheInterest,9000.0,支付之利息
2016-09-30,1325,PropertyAndPlantAndEquipment,19460000.0,取得不動產、廠房及設備
2016-09-30,1325,ReceivableIncrease,29565000.0,應收帳款(增加)減少
2016-09-30,1325,RepaymentOfLongTermDebt,0.0,償還長期借款
2016-09-30,1325,TotalIncomeLossItems,65696000.0,收益費損項目合計
2016-12-31,1325,AccountsPayable,9249000.0,應付帳款增加(減少)
2016-12-31,1325,AmortizationExpense,64000.0,攤銷費用
2016-12-31,1325,CashBalancesBeginningOfPeriod,152665000.0,期初現金及約當現金餘額
2016-12-31,1325,CashBalancesEndOfPeriod,75793000.0,期末現金及約當現金餘額
2016-12-31,1325,CashBalancesIncrease,76872000.0,本期現金及約當現金增加（減少）數
2016-12-31,1325,CashFlowsFromOperatingActivities,159326000.0,營業活動之淨現金流入（流出）
2016-12-31,1325,CashFlowsProvidedFromFinancingActivities,225012000.0,籌資活動之淨現金流入（流出）
2016-12-31,1325,CashProvidedByInvestingActivities,5183000.0,投資活動之淨現金流入(流出)
2016-12-31,1325,CashReceivedThroughOperations,179851000.0,營運產生之現金流入（流出）
2016-12-31,1325,DecreaseInDepositDeposit,0.0,存出保證金減少
2016-12-31,1325,Depreciation,65591000.0,折舊費用
2016-12-31,1325,IncomeBeforeIncomeTaxFromContinuingOperations,136260000.0,繼續營業單位稅前淨利（淨損）
2016-12-31,1325,InterestExpense,16000.0,利息費用
2016-12-31,1325,InterestIncome,6657000.0,利息收入
2016-12-31,1325,InventoryIncrease,11520000.0,存貨（增加）減少
2016-12-31,1325,NetIncomeBeforeTax,136260000.0,本期稅前淨利（淨損）
2016-12-31,1325,OtherNonCurrentLiabilitiesIncrease,595000.0,其他流動資產(增加)減少
2016-12-31,1325,PayTheInterest,16000.0,支付之利息
2016-12-31,1325,PropertyAndPlantAndEquipment,24369000.0,取得不動產、廠房及設備
2016-12-31,1325,ReceivableIncrease,16716000.0,應收帳款（增加）減少
2016-12-31,1325,RepaymentOfLongTermDebt,0.0,償還長期借款
2016-12-31,1325,TotalIncomeLossItems,67736000.0,收益費損項目合計
2017-03-31,1325,AccountsPayable,35840000.0,應付帳款增加(減少)
2017-03-31,1325,AmortizationExpense,21000.0,攤銷費用
2017-03-31,1325,CashBalancesBeginningOfPeriod,75793000.0,期初現金及約當現金餘額
2017-03-31,1325,CashBalancesEndOfPeriod,92226000.0,期末現金及約當現金餘額
2017-03-31,1325,CashBalancesIncrease,16433000.0,本期現金及約當現金增加（減少）數
2017-03-31,1325,CashFlowsFromOperatingActivities,43962000.0,營業活動之淨現金流入(流出)
2017-03-31,1325,CashFlowsProvidedFromFinancingActivities,0.0,籌資活動之淨現金流入（流出）
2017-03-31,1325,CashProvidedByInvestingActivities,24500000.0,投資活動之淨現金流入(流出)
2017-03-31,1325,CashReceivedThroughOperations,41852000.0,營運產生之現金流入（流出）
2017-03-31,1325,Depreciation,15877000.0,折舊費用
2017-03-31,1325,IncomeBeforeIncomeTaxFromContinuingOperations,1595000.0,繼續營業單位稅前淨利（淨損）
2017-03-31,1325,InterestExpense,9000.0,利息費用
2017-03-31,1325,InterestIncome,1542000.0,利息收入
2017-03-31,1325,InventoryIncrease,4821000.0,存貨（增加）減少
2017-03-31,1325,NetIncomeBeforeTax,1595000.0,本期稅前淨利（淨損）
2017-03-31,1325,OtherNonCurrentLiabilitiesIncrease,11595000.0,其他流動資產(增加)減少
2017-03-31,1325,PayTheInterest,9000.0,支付之利息
2017-03-31,1325,PropertyAndPlantAndEquipment,4809000.0,取得不動產、廠房及設備
2017-03-31,1325,ReceivableIncrease,41302000.0,應收帳款(增加)減少
2017-03-31,1325,TotalIncomeLossItems,33486000.0,收益費損項目合計
2017-06-30,1325,AccountsPayable,22346000.0,應付帳款增加(減少)
2017-06-30,1325,AmortizationExpense,42000.0,攤銷費用
2017-06-30,1325,CashBalancesBeginningOfPeriod,75793000.0,期初現金及約當現金餘額
2017-06-30,1325,CashBalancesEndOfPeriod,89023000.0,期末現金及約當現金餘額
2017-06-30,1325,CashBalancesIncrease,13230000.0,本期現金及約當現金增加（減少）數
2017-06-30,1325,CashFlowsFromOperatingActivities,101782000.0,營業活動之淨現金流入（流出）
2017-06-30,1325,CashFlowsProvidedFromFinancingActivities,0.0,籌資活動之淨現金流入（流出）
2017-06-30,1325,CashProvidedByInvestingActivities,86789000.0,投資活動之淨現金流入(流出)
2017-06-30,1325,CashReceivedThroughOperations,113632000.0,營運產生之現金流入（流出）
2017-06-30,1325,DecreaseInDepositDeposit,70000.0,存出保證金減少
2017-06-30,1325,Depreciation,31984000.0,折舊費用
2017-06-30,1325,IncomeBeforeIncomeTaxFromContinuingOperations,17889000.0,繼續營業單位稅前淨利（淨損）
2017-06-30,1325,InterestExpense,15000.0,利息費用
2017-06-30,1325,InterestIncome,3276000.0,利息收入
2017-06-30,1325,InventoryIncrease,19718000.0,存貨(增加)減少
2017-06-30,1325,NetIncomeBeforeTax,17889000.0,本期稅前淨利（淨損）
2017-06-30,1325,OtherNonCurrentLiabilitiesIncrease,12257000.0,其他流動資產(增加)減少
2017-06-30,1325,PayTheInterest,15000.0,支付之利息
2017-06-30,1325,PropertyAndPlantAndEquipment,10200000.0,取得不動產、廠房及設備
2017-06-30,1325,ReceivableIncrease,38705000.0,應收帳款(增加)減少
2017-06-30,1325,TotalIncomeLossItems,46532000.0,收益費損項目合計
2017-09-30,1325,AccountsPayable,20732000.0,應付帳款增加(減少)
2017-09-30,1325,AmortizationExpense,63000.0,攤銷費用
2017-09-30,1325,CashBalancesBeginningOfPeriod,75793000.0,期初現金及約當現金餘額
2017-09-30,1325,CashBalancesEndOfPeriod,94724000.0,期末現金及約當現金餘額
2017-09-30,1325,CashBalancesIncrease,18931000.0,本期現金及約當現金增加（減少）數
2017-09-30,1325,CashFlowsFromOperatingActivities,119004000.0,營業活動之淨現金流入（流出）
2017-09-30,1325,CashFlowsProvidedFromFinancingActivities,72269000.0,籌資活動之淨現金流入（流出）
2017-09-30,1325,CashProvidedByInvestingActivities,26796000.0,投資活動之淨現金流入(流出)
2017-09-30,1325,CashReceivedThroughOperations,141598000.0,營運產生之現金流入（流出）
2017-09-30,1325,DecreaseInDepositDeposit,69000.0,存出保證金減少
2017-09-30,1325,Depreciation,47826000.0,折舊費用
2017-09-30,1325,IncomeBeforeIncomeTaxFromContinuingOperations,34921000.0,繼續營業單位稅前淨利（淨損）
2017-09-30,1325,InterestExpense,23000.0,利息費用
2017-09-30,1325,InterestIncome,4962000.0,利息收入
2017-09-30,1325,InventoryIncrease,23907000.0,存貨(增加)減少
2017-09-30,1325,NetIncomeBeforeTax,34921000.0,本期稅前淨利（淨損）
2017-09-30,1325,OtherNonCurrentLiabilitiesIncrease,2103000.0,其他流動資產(增加)減少
2017-09-30,1325,PayTheInterest,22000.0,支付之利息
2017-09-30,1325,PropertyAndPlantAndEquipment,16458000.0,取得不動產、廠房及設備
2017-09-30,1325,ReceivableIncrease,49585000.0,應收帳款(增加)減少
2017-09-30,1325,TotalIncomeLossItems,58399000.0,收益費損項目合計
2017-12-31,1325,AccountsPayable,17081000.0,應付帳款增加(減少)
2017-12-31,1325,AmortizationExpense,84000.0,攤銷費用
2017-12-31,1325,CashBalancesBeginningOfPeriod,75793000.0,期初現金及約當現金餘額
2017-12-31,1325,CashBalancesEndOfPeriod,75086000.0,期末現金及約當現金餘額
2017-12-31,1325,CashBalancesIncrease,707000.0,本期現金及約當現金增加（減少）數
2017-12-31,1325,CashFlowsFromOperatingActivities,136963000.0,營業活動之淨現金流入（流出）
2017-12-31,1325,CashFlowsProvidedFromFinancingActivities,72269000.0,籌資活動之淨現金流入（流出）
2017-12-31,1325,CashProvidedByInvestingActivities,64240000.0,投資活動之淨現金流入(流出)
2017-12-31,1325,CashReceivedThroughOperations,157959000.0,營運產生之現金流入（流出）
2017-12-31,1325,DecreaseInDepositDeposit,70000.0,存出保證金減少
2017-12-31,1325,Depreciation,63384000.0,折舊費用
2017-12-31,1325,IncomeBeforeIncomeTaxFromContinuingOperations,52858000.0,繼續營業單位稅前淨利（淨損）
2017-12-31,1325,InterestExpense,32000.0,利息費用
2017-12-31,1325,InterestIncome,6776000.0,利息收入
2017-12-31,1325,InventoryIncrease,6647000.0,存貨(增加)減少
2017-12-31,1325,NetIncomeBeforeTax,52858000.0,本期稅前淨利（淨損）
2017-12-31,1325,OtherNonCurrentLiabilitiesIncrease,15981000.0,其他流動資產(增加)減少
2017-12-31,1325,PayTheInterest,30000.0,支付之利息
2017-12-31,1325,PropertyAndPlantAndEquipment,24510000.0,取得不動產、廠房及設備
2017-12-31,1325,ReceivableIncrease,34797000.0,應收帳款(增加)減少
2017-12-31,1325,TotalIncomeLossItems,76856000.0,收益費損項目合計
2018-03-31,1325,AccountsPayable,10671000.0,應付帳款增加(減少)
2018-03-31,1325,AmortizationExpense,21000.0,攤銷費用
2018-03-31,1325,CashBalancesBeginningOfPeriod,75086000.0,期初現金及約當現金餘額
2018-03-31,1325,CashBalancesEndOfPeriod,143262000.0,期末現金及約當現金餘額
2018-03-31,1325,CashBalancesIncrease,68176000.0,本期現金及約當現金增加（減少）數
2018-03-31,1325,CashFlowsFromOperatingActivities,31086000.0,營業活動之淨現金流入（流出）
2018-03-31,1325,CashFlowsProvidedFromFinancingActivities,24000.0,籌資活動之淨現金流入（流出）
2018-03-31,1325,CashProvidedByInvestingActivities,36018000.0,投資活動之淨現金流入(流出)
2018-03-31,1325,CashReceivedThroughOperations,28591000.0,營運產生之現金流入（流出）
2018-03-31,1325,Depreciation,16208000.0,折舊費用
2018-03-31,1325,IncomeBeforeIncomeTaxFromContinuingOperations,9123000.0,繼續營業單位稅前淨利（淨損）
2018-03-31,1325,InterestExpense,5000.0,利息費用
2018-03-31,1325,InterestIncome,1832000.0,利息收入
2018-03-31,1325,InventoryIncrease,19521000.0,存貨(增加)減少
2018-03-31,1325,NetIncomeBeforeTax,9123000.0,本期稅前淨利（淨損）
2018-03-31,1325,OtherNonCurrentLiabilitiesIncrease,241000.0,其他流動資產(增加)減少
2018-03-31,1325,PayTheInterest,7000.0,支付之利息
2018-03-31,1325,PropertyAndPlantAndEquipment,7418000.0,取得不動產、廠房及設備
2018-03-31,1325,ReceivableIncrease,9990000.0,應收帳款(增加)減少
2018-03-31,1325,RentalPrincipalRepayments,0.0,租賃本金償還
2018-03-31,1325,TotalIncomeLossItems,17153000.0,收益費損項目合計
2018-06-30,1325,AccountsPayable,17496000.0,應付帳款增加(減少)
2018-06-30,1325,AmortizationExpense,42000.0,攤銷費用
2018-06-30,1325,CashBalancesBeginningOfPeriod,75086000.0,期初現金及約當現金餘額
2018-06-30,1325,CashBalancesEndOfPeriod,74141000.0,期末現金及約當現金餘額
2018-06-30,1325,CashBalancesIncrease,945000.0,本期現金及約當現金增加（減少）數
2018-06-30,1325,CashFlowsFromOperatingActivities,43341000.0,營業活動之淨現金流入（流出）
2018-06-30,1325,CashFlowsProvidedFromFinancingActivities,24000.0,籌資活動之淨現金流入（流出）
2018-06-30,1325,CashProvidedByInvestingActivities,44829000.0,投資活動之淨現金流入(流出)
2018-06-30,1325,CashReceivedThroughOperations,44526000.0,營運產生之現金流入（流出）
2018-06-30,1325,DecreaseInDepositDeposit,0.0,存出保證金減少
2018-06-30,1325,Depreciation,30013000.0,折舊費用
2018-06-30,1325,IncomeBeforeIncomeTaxFromContinuingOperations,39056000.0,繼續營業單位稅前淨利（淨損）
2018-06-30,1325,InterestExpense,12000.0,利息費用
2018-06-30,1325,InterestIncome,3822000.0,利息收入
2018-06-30,1325,InventoryIncrease,20703000.0,存貨(增加)減少
2018-06-30,1325,NetIncomeBeforeTax,39056000.0,本期稅前淨利（淨損）
2018-06-30,1325,OtherNonCurrentLiabilitiesIncrease,2149000.0,其他流動資產(增加)減少
2018-06-30,1325,PayTheInterest,14000.0,支付之利息
2018-06-30,1325,PropertyAndPlantAndEquipment,26266000.0,取得不動產、廠房及設備
2018-06-30,1325,ReceivableIncrease,14299000.0,應收帳款（增加）減少
2018-06-30,1325,RentalPrincipalRepayments,0.0,租賃本金償還
2018-06-30,1325,TotalIncomeLossItems,15676000.0,收益費損項目合計
2018-09-30,1325,AccountsPayable,1612000.0,應付帳款增加(減少)
2018-09-30,1325,AmortizationExpense,52000.0,攤銷費用
2018-09-30,1325,CashBalancesBeginningOfPeriod,75086000.0,期初現金及約當現金餘額
2018-09-30,1325,CashBalancesEndOfPeriod,101328000.0,期末現金及約當現金餘額
2018-09-30,1325,CashBalancesIncrease,26242000.0,本期現金及約當現金增加（減少）數
2018-09-30,1325,CashFlowsFromOperatingActivities,76090000.0,營業活動之淨現金流入（流出）
2018-09-30,1325,CashFlowsProvidedFromFinancingActivities,29823000.0,籌資活動之淨現金流入（流出）
2018-09-30,1325,CashProvidedByInvestingActivities,18296000.0,投資活動之淨現金流入(流出)
2018-09-30,1325,CashReceivedThroughOperations,83424000.0,營運產生之現金流入（流出）
2018-09-30,1325,DecreaseInDepositDeposit,0.0,存出保證金減少
2018-09-30,1325,Depreciation,42612000.0,折舊費用
2018-09-30,1325,IncomeBeforeIncomeTaxFromContinuingOperations,55085000.0,繼續營業單位稅前淨利（淨損）
2018-09-30,1325,InterestExpense,15000.0,利息費用
2018-09-30,1325,InterestIncome,5806000.0,利息收入
2018-09-30,1325,InventoryIncrease,3765000.0,存貨(增加)減少
2018-09-30,1325,NetIncomeBeforeTax,55085000.0,本期稅前淨利（淨損）
2018-09-30,1325,OtherNonCurrentLiabilitiesIncrease,671000.0,其他流動資產(增加)減少
2018-09-30,1325,PayTheInterest,17000.0,支付之利息
2018-09-30,1325,PropertyAndPlantAndEquipment,56002000.0,取得不動產、廠房及設備
2018-09-30,1325,ReceivableIncrease,917000.0,應收帳款(增加)減少
2018-09-30,1325,RentalPrincipalRepayments,0.0,租賃本金償還
2018-09-30,1325,TotalIncomeLossItems,23919000.0,收益費損項目合計
2018-12-31,1325,AccountsPayable,6532000.0,應付帳款增加(減少)
2018-12-31,1325,AmortizationExpense,62000.0,攤銷費用
2018-12-31,1325,CashBalancesBeginningOfPeriod,75086000.0,期初現金及約當現金餘額
2018-12-31,1325,CashBalancesEndOfPeriod,162843000.0,期末現金及約當現金餘額
2018-12-31,1325,CashBalancesIncrease,87757000.0,本期現金及約當現金增加（減少）數
2018-12-31,1325,CashFlowsFromOperatingActivities,88054000.0,營業活動之淨現金流入(流出)
2018-12-31,1325,CashFlowsProvidedFromFinancingActivities,33557000.0,籌資活動之淨現金流入（流出）
2018-12-31,1325,CashProvidedByInvestingActivities,34510000.0,投資活動之淨現金流入（流出）
2018-12-31,1325,CashReceivedThroughOperations,92632000.0,營運產生之現金流入（流出）
2018-12-31,1325,DecreaseInDepositDeposit,0.0,存出保證金減少
2018-12-31,1325,Depreciation,55579000.0,折舊費用
2018-12-31,1325,IncomeBeforeIncomeTaxFromContinuingOperations,73335000.0,繼續營業單位稅前淨利（淨損）
2018-12-31,1325,InterestExpense,22000.0,利息費用
2018-12-31,1325,InterestIncome,8209000.0,利息收入
2018-12-31,1325,InventoryIncrease,3855000.0,存貨（增加）減少
2018-12-31,1325,NetIncomeBeforeTax,73335000.0,本期稅前淨利（淨損）
2018-12-31,1325,OtherNonCurrentLiabilitiesIncrease,70000.0,其他流動資產(增加)減少
2018-12-31,1325,PayTheInterest,24000.0,支付之利息
2018-12-31,1325,PropertyAndPlantAndEquipment,80111000.0,取得不動產、廠房及設備
2018-12-31,1325,ReceivableIncrease,8931000.0,應收帳款（增加）減少
2018-12-31,1325,RentalPrincipalRepayments,0.0,租賃本金償還
2018-12-31,1325,TotalIncomeLossItems,31595000.0,收益費損項目合計
2019-03-31,1325,AccountsPayable,13810000.0,應付帳款增加(減少)
2019-03-31,1325,AmortizationExpense,10000.0,攤銷費用
2019-03-31,1325,CashBalancesBeginningOfPeriod,162843000.0,期初現金及約當現金餘額
2019-03-31,1325,CashBalancesEndOfPeriod,134424000.0,期末現金及約當現金餘額
2019-03-31,1325,CashBalancesIncrease,28419000.0,本期現金及約當現金增加（減少）數
2019-03-31,1325,CashFlowsFromOperatingActivities,42307000.0,營業活動之淨現金流入（流出）
2019-03-31,1325,CashFlowsProvidedFromFinancingActivities,86000.0,籌資活動之淨現金流入（流出）
2019-03-31,1325,CashProvidedByInvestingActivities,72405000.0,投資活動之淨現金流入(流出)
2019-03-31,1325,CashReceivedThroughOperations,39387000.0,營運產生之現金流入（流出）
2019-03-31,1325,Depreciation,12215000.0,折舊費用
2019-03-31,1325,IncomeBeforeIncomeTaxFromContinuingOperations,13819000.0,繼續營業單位稅前淨利（淨損）
2019-03-31,1325,InterestExpense,8000.0,利息費用
2019-03-31,1325,InterestIncome,2441000.0,利息收入
2019-03-31,1325,InventoryIncrease,22332000.0,存貨(增加)減少
2019-03-31,1325,NetIncomeBeforeTax,13819000.0,本期稅前淨利（淨損）
2019-03-31,1325,OtherNonCurrentLiabilitiesIncrease,2796000.0,其他流動資產(增加)減少
2019-03-31,1325,PayTheInterest,7000.0,支付之利息
2019-03-31,1325,PropertyAndPlantAndEquipment,36070000.0,取得不動產、廠房及設備
2019-03-31,1325,ReceivableIncrease,8233000.0,應收帳款(增加)減少
2019-03-31,1325,RentalPrincipalRepayments,6000.0,租賃本金償還
2019-03-31,1325,TotalIncomeLossItems,8306000.0,收益費損項目合計
2019-06-30,1325,AccountsPayable,1382000.0,應付帳款增加(減少)
2019-06-30,1325,AmortizationExpense,20000.0,攤銷費用
2019-06-30,1325,CashBalancesBeginningOfPeriod,162843000.0,期初現金及約當現金餘額
2019-06-30,1325,CashBalancesEndOfPeriod,149515000.0,期末現金及約當現金餘額
2019-06-30,1325,CashBalancesIncrease,13328000.0,本期現金及約當現金增加（減少）數
2019-06-30,1325,CashFlowsFromOperatingActivities,83618000.0,營業活動之淨現金流入（流出）
2019-06-30,1325,CashFlowsProvidedFromFinancingActivities,77000.0,籌資活動之淨現金流入（流出）
2019-06-30,1325,CashProvidedByInvestingActivities,97615000.0,投資活動之淨現金流入(流出)
2019-06-30,1325,CashReceivedThroughOperations,82025000.0,營運產生之現金流入（流出）
2019-06-30,1325,Depreciation,24823000.0,折舊費用
2019-06-30,1325,IncomeBeforeIncomeTaxFromContinuingOperations,27769000.0,繼續營業單位稅前淨利（淨損）
2019-06-30,1325,InterestExpense,12000.0,利息費用
2019-06-30,1325,InterestIncome,4723000.0,利息收入
2019-06-30,1325,InventoryIncrease,13697000.0,存貨(增加)減少
2019-06-30,1325,NetIncomeBeforeTax,27769000.0,本期稅前淨利（淨損）
2019-06-30,1325,OtherNonCurrentLiabilitiesIncrease,7272000.0,其他流動資產(增加)減少
2019-06-30,1325,PayTheInterest,11000.0,支付之利息
2019-06-30,1325,PropertyAndPlantAndEquipment,63466000.0,取得不動產、廠房及設備
2019-06-30,1325,ReceivableIncrease,32755000.0,應收帳款(增加)減少
2019-06-30,1325,RentalPrincipalRepayments,15000.0,租賃本金償還
2019-06-30,1325,TotalIncomeLossItems,15887000.0,收益費損項目合計
2019-09-30,1325,AccountsPayable,18763000.0,應付帳款增加(減少)
2019-09-30,1325,AmortizationExpense,20000.0,攤銷費用
2019-09-30,1325,CashBalancesBeginningOfPeriod,162843000.0,期初現金及約當現金餘額
2019-09-30,1325,CashBalancesEndOfPeriod,138191000.0,期末現金及約當現金餘額
2019-09-30,1325,CashBalancesIncrease,24652000.0,本期現金及約當現金增加（減少）數
2019-09-30,1325,CashFlowsFromOperatingActivities,77322000.0,營業活動之淨現金流入（流出）
2019-09-30,1325,CashFlowsProvidedFromFinancingActivities,46412000.0,籌資活動之淨現金流入（流出）
2019-09-30,1325,CashProvidedByInvestingActivities,54039000.0,投資活動之淨現金流入(流出)
2019-09-30,1325,CashReceivedThroughOperations,78882000.0,營運產生之現金流入（流出）
2019-09-30,1325,Depreciation,36676000.0,折舊費用
2019-09-30,1325,IncomeBeforeIncomeTaxFromContinuingOperations,34005000.0,繼續營業單位稅前淨利（淨損）
2019-09-30,1325,InterestExpense,19000.0,利息費用
2019-09-30,1325,InterestIncome,6720000.0,利息收入
2019-09-30,1325,InventoryIncrease,18810000.0,存貨(增加)減少
2019-09-30,1325,NetIncomeBeforeTax,34005000.0,本期稅前淨利（淨損）
2019-09-30,1325,OtherNonCurrentLiabilitiesIncrease,6437000.0,其他流動資產(增加)減少
2019-09-30,1325,PayTheInterest,19000.0,支付之利息
2019-09-30,1325,PropertyAndPlantAndEquipment,108197000.0,取得不動產、廠房及設備
2019-09-30,1325,ReceivableIncrease,20133000.0,應收帳款(增加)減少
2019-09-30,1325,RentalPrincipalRepayments,23000.0,租賃本金償還
2019-09-30,1325,TotalIncomeLossItems,22154000.0,收益費損項目合計
2019-12-31,1325,AccountsPayable,20070000.0,應付帳款增加(減少)
2019-12-31,1325,AmortizationExpense,20000.0,攤銷費用
2019-12-31,1325,CashBalancesBeginningOfPeriod,162843000.0,期初現金及約當現金餘額
2019-12-31,1325,CashBalancesEndOfPeriod,176524000.0,期末現金及約當現金餘額
2019-12-31,1325,CashBalancesIncrease,13681000.0,本期現金及約當現金增加（減少）數
2019-12-31,1325,CashFlowsFromOperatingActivities,100846000.0,營業活動之淨現金流入(流出)
2019-12-31,1325,CashFlowsProvidedFromFinancingActivities,46421000.0,籌資活動之淨現金流入（流出）
2019-12-31,1325,CashReceivedThroughOperations,100972000.0,營運產生之現金流入（流出）
2019-12-31,1325,DecreaseInDepositDeposit,10000.0,存出保證金減少
2019-12-31,1325,Depreciation,47664000.0,折舊費用
2019-12-31,1325,IncomeBeforeIncomeTaxFromContinuingOperations,43967000.0,繼續營業單位稅前淨利（淨損）
2019-12-31,1325,InterestExpense,27000.0,利息費用
2019-12-31,1325,InterestIncome,8306000.0,利息收入
2019-12-31,1325,NetIncomeBeforeTax,43967000.0,本期稅前淨利（淨損）
2019-12-31,1325,OtherNonCurrentLiabilitiesIncrease,850000.0,其他流動資產(增加)減少
2019-12-31,1325,PayTheInterest,26000.0,支付之利息
2019-12-31,1325,PropertyAndPlantAndEquipment,153328000.0,取得不動產、廠房及設備
2019-12-31,1325,RentalPrincipalRepayments,32000.0,租賃本金償還
2019-12-31,1325,TotalIncomeLossItems,33185000.0,收益費損項目合計
2019-12-31,1325,InventoryIncrease,13555000.0,存貨（增加）減少
2019-12-31,1325,ReceivableIncrease,38558000.0,應收帳款（增加）減少
2019-12-31,1325,CashProvidedByInvestingActivities,37528000.0,投資活動之淨現金流入（流出）
2020-03-31,1325,AccountsPayable,47518000.0,應付帳款增加(減少)
2020-03-31,1325,AmortizationExpense,0.0,攤銷費用
2020-03-31,1325,CashBalancesBeginningOfPeriod,176524000.0,期初現金及約當現金餘額
2020-03-31,1325,CashBalancesEndOfPeriod,242323000.0,期末現金及約當現金餘額
2020-03-31,1325,CashBalancesIncrease,65799000.0,本期現金及約當現金增加（減少）數
2020-03-31,1325,CashFlowsFromOperatingActivities,140954000.0,營業活動之淨現金流入（流出）
2020-03-31,1325,CashFlowsProvidedFromFinancingActivities,56000.0,籌資活動之淨現金流入（流出）
2020-03-31,1325,CashProvidedByInvestingActivities,73986000.0,投資活動之淨現金流入(流出)
2020-03-31,1325,CashReceivedThroughOperations,139520000.0,營運產生之現金流入（流出）
2020-03-31,1325,Depreciation,11529000.0,折舊費用
2020-03-31,1325,IncomeBeforeIncomeTaxFromContinuingOperations,164773000.0,繼續營業單位稅前淨利（淨損）
2020-03-31,1325,InterestExpense,6000.0,利息費用
2020-03-31,1325,InterestIncome,1060000.0,利息收入
2020-03-31,1325,InventoryIncrease,28122000.0,存貨（增加）減少
2020-03-31,1325,NetIncomeBeforeTax,164773000.0,本期稅前淨利（淨損）
2020-03-31,1325,OtherNonCurrentLiabilitiesIncrease,594000.0,其他流動資產(增加)減少
2020-03-31,1325,PayTheInterest,7000.0,支付之利息
2020-03-31,1325,PropertyAndPlantAndEquipment,42599000.0,取得不動產、廠房及設備
2020-03-31,1325,ReceivableIncrease,90377000.0,應收帳款（增加）減少
2020-03-31,1325,RentalPrincipalRepayments,10000.0,租賃本金償還
2020-03-31,1325,TotalIncomeLossItems,13586000.0,收益費損項目合計
2020-06-30,1325,AccountsPayable,15160000.0,應付帳款增加(減少)
2020-06-30,1325,AmortizationExpense,0.0,攤銷費用
2020-06-30,1325,CashBalancesBeginningOfPeriod,176524000.0,期初現金及約當現金餘額
2020-06-30,1325,CashBalancesEndOfPeriod,426305000.0,期末現金及約當現金餘額
2020-06-30,1325,CashBalancesIncrease,249781000.0,本期現金及約當現金增加（減少）數
2020-06-30,1325,CashFlowsFromOperatingActivities,749791000.0,營業活動之淨現金流入（流出）
2020-06-30,1325,CashFlowsProvidedFromFinancingActivities,47000.0,籌資活動之淨現金流入（流出）
2020-06-30,1325,CashProvidedByInvestingActivities,486651000.0,投資活動之淨現金流入(流出)
2020-06-30,1325,CashReceivedThroughOperations,749336000.0,營運產生之現金流入（流出）
2020-06-30,1325,Depreciation,27622000.0,折舊費用
2020-06-30,1325,IncomeBeforeIncomeTaxFromContinuingOperations,957701000.0,繼續營業單位稅前淨利（淨損）
2020-06-30,1325,InterestExpense,18000.0,利息費用
2020-06-30,1325,InterestIncome,2225000.0,利息收入
2020-06-30,1325,InventoryIncrease,41989000.0,存貨（增加）減少
2020-06-30,1325,NetIncomeBeforeTax,957701000.0,本期稅前淨利（淨損）
2020-06-30,1325,OtherNonCurrentLiabilitiesIncrease,9748000.0,其他流動資產(增加)減少
2020-06-30,1325,PayTheInterest,18000.0,支付之利息
2020-06-30,1325,PropertyAndPlantAndEquipment,120680000.0,取得不動產、廠房及設備
2020-06-30,1325,ReceivableIncrease,295762000.0,應收帳款（增加）減少
2020-06-30,1325,RentalPrincipalRepayments,19000.0,租賃本金償還
2020-06-30,1325,TotalIncomeLossItems,28311000.0,收益費損項目合計
2020-09-30,1325,AccountsPayable,38032000.0,應付帳款增加(減少)
2020-09-30,1325,AmortizationExpense,0.0,攤銷費用
2020-09-30,1325,CashBalancesBeginningOfPeriod,176524000.0,期初現金及約當現金餘額
2020-09-30,1325,CashBalancesEndOfPeriod,679952000.0,期末現金及約當現金餘額
2020-09-30,1325,CashBalancesIncrease,503428000.0,本期現金及約當現金增加（減少）數
2020-09-30,1325,CashFlowsFromOperatingActivities,1858680000.0,營業活動之淨現金流入（流出）
2020-09-30,1325,CashFlowsProvidedFromFinancingActivities,25546000.0,籌資活動之淨現金流入（流出）
2020-09-30,1325,CashProvidedByInvestingActivities,1330260000.0,投資活動之淨現金流入(流出)
2020-09-30,1325,CashReceivedThroughOperations,1894540000.0,營運產生之現金流入（流出）
2020-09-30,1325,Depreciation,41761000.0,折舊費用
2020-09-30,1325,IncomeBeforeIncomeTaxFromContinuingOperations,1830490000.0,繼續營業單位稅前淨利（淨損）
2020-09-30,1325,InterestExpense,24000.0,利息費用
2020-09-30,1325,InterestIncome,3656000.0,利息收入
2020-09-30,1325,InventoryIncrease,47350000.0,存貨（增加）減少
2020-09-30,1325,NetIncomeBeforeTax,1830490000.0,本期稅前淨利（淨損）
2020-09-30,1325,OtherNonCurrentLiabilitiesIncrease,16356000.0,其他流動資產(增加)減少
2020-09-30,1325,PayTheInterest,24000.0,支付之利息
2020-09-30,1325,PropertyAndPlantAndEquipment,212681000.0,取得不動產、廠房及設備
2020-09-30,1325,ReceivableIncrease,193290000.0,應收帳款（增加）減少
2020-09-30,1325,RentalPrincipalRepayments,28000.0,租賃本金償還
2020-09-30,1325,TotalIncomeLossItems,39478000.0,收益費損項目合計
2020-12-31,1325,CashFlowsFromOperatingActivities,2424552000.0,營業活動之淨現金流入(流出)
2020-12-31,1325,CashBalancesBeginningOfPeriod,176524000.0,期初現金及約當現金餘額
2020-12-31,1325,TotalIncomeLossItems,56313000.0,收益費損項目合計
2020-12-31,1325,CashBalancesIncrease,325239000.0,本期現金及約當現金增加（減少）數
2020-12-31,1325,CashProvidedByInvestingActivities,2080248000.0,投資活動之淨現金流入(流出)
2020-12-31,1325,NetIncomeBeforeTax,2531413000.0,本期稅前淨利（淨損）
2020-12-31,1325,PropertyAndPlantAndEquipment,296163000.0,取得不動產、廠房及設備
2020-12-31,1325,CashBalancesEndOfPeriod,501763000.0,期末現金及約當現金餘額
2020-12-31,1325,OtherNonCurrentLiabilitiesIncrease,4606000.0,其他流動資產(增加)減少
2020-12-31,1325,Depreciation,59859000.0,折舊費用
2020-12-31,1325,InterestExpense,35000.0,利息費用
2020-12-31,1325,RentalPrincipalRepayments,38000.0,租賃本金償還
2020-12-31,1325,AmortizationExpense,0.0,攤銷費用
2020-12-31,1325,InterestIncome,5682000.0,利息收入
2020-12-31,1325,CashReceivedThroughOperations,2475087000.0,營運產生之現金流入（流出）
2020-12-31,1325,AccountsPayable,23185000.0,應付帳款增加(減少)
2020-12-31,1325,InventoryIncrease,66846000.0,存貨(增加)減少
2020-12-31,1325,CashFlowsProvidedFromFinancingActivities,25556000.0,籌資活動之淨現金流入（流出）
2020-12-31,1325,ReceivableIncrease,226783000.0,應收帳款(增加)減少
2020-12-31,1325,DecreaseInDepositDeposit,0.0,存出保證金減少
2020-12-31,1325,PayTheInterest,36000.0,支付之利息
2020-12-31,1325,IncomeBeforeIncomeTaxFromContinuingOperations,2531413000.0,繼續營業單位稅前淨利（淨損）
